TGID,Kmem Count,Vmem Count,Slab Count
12317,1000,0,6
5072,43,180,1000
3649,1000,2,162
8186,7,2,1000
5268,310,219,1000
4926,191,1000,144
66,251,0,1000
16,285,0,1000
54,286,1,1000
3817,1000,1,256
42,283,0,1000
36,283,0,1000
4949,1000,610,384
4486,11,0,1000
12317,1000,0,1
3649,1000,1,270
3817,1000,0,247
4949,1000,136,262
12317,1000,0,1
3649,1000,2,122
3649,1000,0,149
13333,1000,0,6
3649,1000,5,134
13333,1000,0,1
3649,1000,1,120
13333,1000,0,1
3649,1000,3,124
3649,1000,4,133
13333,1000,0,1
3649,1000,3,489
4949,128,1000,83
4993,32,84,1000
13335,10,138,1000
13336,10,205,1000
13337,12,91,1000
13338,10,88,1000
4926,224,1000,166
13333,1000,0,1
3649,1000,1,106
13204,793,48,1000
4838,1000,801,499
13204,803,75,1000
3817,1000,0,222
4486,22,0,1000
4838,396,1000,246
13333,1000,0,1
3649,1000,3,384
3817,1000,0,226
7183,333,1000,152
4949,1000,247,267
13204,816,54,1000
13333,1000,0,1
3649,1000,2,399
7712,141,1000,201
7712,141,1001,201
7183,1000,407,518
13333,1000,0,1
3649,1000,3,537
3817,1000,0,231
7183,1000,111,205
7712,59,1000,50
4926,0,1000,14
13204,735,34,1000
3649,1000,1,588
13333,1000,0,1
3817,1000,0,218
7183,1000,138,216
3649,1000,0,614
13333,1000,0,1
13204,841,34,1000
3649,1000,1,171
7183,1001,464,643
7183,1001,464,643
7712,387,1000,233
4336,34,163,1000
3817,1000,0,214
7183,1000,405,543
13333,1000,0,1
13352,53,106,1000
13353,72,126,1000
13354,73,132,1000
7712,17,1000,47
13204,713,81,1000
4486,237,41,1000
72,75,1,1000
727,642,1,1000
706,1000,87,478
1,1000,4,808
13359,51,103,1000
7426,236,1000,121
3649,1000,1,386
7183,246,1000,164
3817,1000,0,237
13333,1000,0,1
13204,807,28,1000
5003,493,1000,379
4926,16,1000,29
3649,1000,2,411
7712,529,1000,441
7183,1000,104,243
3817,1000,0,212
7712,427,1000,407
13333,1000,0,1
3649,1000,3,294
7183,674,1000,159
3817,1000,0,215
7712,414,1000,346
13333,1000,0,1
7183,1000,678,214
3649,1000,2,325
3817,1000,0,208
3649,1000,3,347
13333,1000,0,0
7183,269,1000,78
3817,1000,0,290
3861,1000,0,380
3649,1000,4,234
13333,1000,0,1
3817,1000,0,253
7183,201,1000,215
3861,1000,0,461
3649,1000,0,347
7712,33,1000,34
13333,1000,0,1
7183,384,1000,320
3649,1000,1,184
3861,1000,0,462
3817,1000,0,285
3649,1000,7,324
13333,1000,0,1
7712,97,1000,147
3817,1000,1,281
7183,1000,768,322
13362,54,108,1000
13363,70,126,1000
4486,956,56,1000
13364,73,132,1000
42,23,17,1000
3649,1000,16,288
13365,51,105,1000
7183,340,1000,304
13333,1000,0,1
3649,1000,2,165
3817,1000,0,215
3649,1000,4,133
13333,1000,0,1
4486,318,1000,128
7712,0,1000,0
13333,1000,0,1
3649,1000,9,142
7712,2,1000,4
3649,1000,9,149
13333,1000,0,1
3817,1000,0,190
3649,1000,3,114
727,395,268,1000
727,396,268,1000
727,396,268,1001
706,1000,85,471
1,1000,6,804
7183,124,1000,254
13333,1000,0,1
3649,1000,8,146
13333,1000,0,1
3649,1000,10,145
3817,1000,0,190
7712,0,1000,0
13333,1000,0,1
3649,1000,7,168
3817,1000,0,187
13333,1000,0,1
3649,1000,4,159
3649,1000,4,441
13333,1000,0,1
13204,842,44,1000
4486,1000,100,472
3817,1000,0,188
3649,1000,4,109
13333,1000,0,1
3649,1000,5,145
13333,1000,0,1
3649,1000,7,141
13333,1000,0,1
4926,0,1000,90
3649,1000,3,321
13333,1000,0,1
3649,1000,3,398
3861,1000,0,438
13333,1000,0,1
3649,1000,9,275
7183,1000,820,423
7712,297,1000,268
3817,1000,0,240
13204,825,59,1000
13370,58,109,1000
13371,68,120,1000
13372,73,121,1000
4486,230,48,1000
54,34,21,1000
13333,1000,0,1
13373,51,105,1000
3649,1000,6,142
13333,1000,0,1
3649,1000,5,166
7183,773,1000,143
727,361,111,1001
727,361,111,1001
727,361,111,1001
727,361,111,1002
706,1000,84,462
1,1000,4,796
13333,1000,0,1
3649,1000,4,158
7183,685,1000,134
7712,81,1000,103
7183,1000,742,198
3649,1000,0,300
3817,1000,0,215
13333,1000,0,1
7712,465,1000,461
7183,1000,262,211
3649,1000,2,384
13204,739,70,1000
3817,1000,0,217
13333,1000,1,7
7183,1000,104,236
3649,1000,2,222
3817,1000,0,241
13204,756,64,1000
13333,1000,0,1
3649,1000,2,224
7183,1000,438,243
3817,1000,0,243
13333,1000,0,1
3649,1000,7,259
7712,112,1000,185
7183,908,1000,221
7183,1000,196,210
13333,1000,0,1
3649,1000,5,387
3817,1000,0,230
7712,76,1000,60
3649,1000,1,255
7183,1000,457,281
3817,1000,0,191
13333,1000,0,1
3649,1000,2,201
7183,1000,929,275
13333,1000,0,1
3817,1000,0,234
7183,1000,102,242
3649,1000,0,526
3817,1000,0,249
13333,1000,0,1
7712,334,1000,299
7183,1000,103,286
3649,1000,3,298
3817,1000,0,233
7712,50,1000,92
13333,1000,0,1
3649,1000,2,342
7183,1000,91,283
3817,1000,0,220
13376,54,103,1000
13377,71,129,1000
13378,74,127,1000
4486,273,75,1000
48,13,3,1000
13333,1000,0,1
3649,1000,8,219
7183,1000,916,227
7712,675,1000,602
13379,51,105,1000
3817,1000,0,246
7712,465,1000,475
7183,1000,76,303
3649,1000,1,295
13333,1000,0,1
3817,1000,0,247
3649,1000,1,382
7183,1000,64,311
7712,713,1000,699
3817,1000,0,213
13333,1000,0,1
727,370,188,1000
727,371,188,1000
727,371,188,1001
706,1000,84,460
1,1000,4,796
3649,1000,4,235
7183,1000,326,196
13333,1000,0,1
3817,1000,0,243
3649,1000,7,161
7183,1000,502,172
13204,728,89,1000
3817,1000,0,231
13333,1000,0,1
7183,37,1000,103
13333,1000,0,1
3649,1000,5,127
3649,1000,7,131
13333,1000,0,1
3649,1000,3,123
13333,1000,0,1
13333,1000,0,1
3649,1000,4,137
4486,17,1,1000
13333,1000,0,1
3649,1000,3,123
3649,1000,4,125
13333,1000,0,1
3649,1000,3,124
13333,1000,0,1
3649,1000,9,141
13382,53,109,1000
13383,67,124,1000
13384,67,121,1000
4486,280,58,1000
13385,52,106,1000
13333,1000,0,1
7712,0,1000,0
3649,1000,5,124
13333,1000,0,1
3649,1000,5,125
727,392,120,1000
727,392,120,1000
727,392,120,1001
706,1000,84,463
1,1000,4,796
13333,1000,1,7
3649,1000,1,120
3649,1000,5,121
13333,1000,0,1
7712,0,1000,0
13333,1000,0,1
3649,1000,6,132
13333,1000,0,1
3649,1000,3,123
13333,1000,0,1
3649,1000,4,124
13333,1000,0,1
3649,1000,3,123
7712,14,1000,28
13333,1000,0,1
3649,1000,3,124
13333,1000,0,1
7183,63,1000,10
3649,1000,5,127
13333,1000,0,1
13387,54,108,1000
13388,72,126,1000
13389,64,116,1000
24,8,5,1000
4486,233,26,1000
3649,1000,14,172
7712,9,1000,12
13390,52,105,1000
13333,1000,0,1
3649,1000,6,132
3649,1000,3,123
13333,1000,0,1
727,453,96,1001
727,453,96,1001
727,453,96,1002
727,454,96,1003
727,455,96,1004
706,1000,89,490
1,1000,4,813
3649,1000,6,131
13333,1000,0,1
3649,1000,5,124
13333,1000,0,1
3649,1000,4,123
13333,1000,0,1
3649,1000,4,123
13333,1000,0,1
3649,1000,8,133
13333,1000,0,1
3649,1000,4,125
13333,1000,0,1
3649,1000,8,132
13333,1000,0,1
3649,1000,8,133
13333,1000,0,1
3649,1000,4,124
13395,51,105,1000
13333,1000,0,1
13396,55,108,1000
13397,73,126,1000
16,34,8,1000
7712,129,1000,244
3649,1000,13,335
7183,1000,705,486
13398,51,110,1000
3817,1000,0,230
3649,1000,2,258
3817,1000,0,187
13204,691,31,1000
7712,30,1000,96
13333,1000,0,1
7183,1000,178,502
3649,1000,0,441
7712,80,1000,76
7183,535,1000,249
13333,1000,0,1
727,468,65,1000
727,468,66,1000
706,1000,95,472
1,1000,4,831
3649,1000,2,161
7183,1000,388,191
3817,1000,0,195
13333,1000,0,1
3649,1000,13,187
13333,1000,0,1
3649,1000,8,131
7183,45,1000,60
13333,1000,0,1
3649,1000,3,123
13333,1000,0,1
3649,1000,7,133
13333,1000,0,1
3649,1000,4,123
13333,1000,0,1
3649,1000,7,133
13333,1000,0,1
3649,1000,4,404
7183,849,1000,403
3649,1000,2,238
7712,742,1000,631
7183,1000,94,350
3817,1000,0,218
13333,1000,0,1
7712,253,1000,221
3649,1000,2,261
7183,1000,76,249
3817,1000,0,244
13333,1000,0,1
13402,51,104,1000
13403,60,116,1000
13404,73,130,1000
3649,1000,8,383
4486,226,33,1000
16,15,12,1000
7183,1000,640,296
3817,1000,0,214
13405,56,108,1000
13204,792,32,1000
13333,1000,1,7
3649,1000,2,164
13333,1000,0,1
3649,1000,7,165
7183,1000,247,208
3649,1000,2,159
727,349,191,1000
727,350,191,1002
727,350,191,1003
706,1000,84,463
1,1000,4,796
13333,1000,0,1
3649,1000,4,125
3649,1000,4,124
13333,1000,0,1
7712,0,1000,0
13333,1000,0,1
3649,1000,4,119
13333,1000,0,1
3649,1000,8,133
13333,1000,0,1
13333,1000,0,1
3649,1000,4,123
4486,23,6,1000
13333,1000,0,1
3649,1000,6,125
3649,1000,8,133
13333,1000,0,1
3649,1000,4,123
13333,1000,0,1
13408,53,107,1000
13409,65,128,1000
13410,71,124,1000
4486,273,31,1000
48,16,13,1000
3649,1000,11,274
13411,55,108,1000
13333,1000,0,1
3649,1000,8,133
13333,1000,0,1
727,363,132,1000
727,363,132,1001
727,364,132,1001
727,365,132,1001
727,365,132,1002
727,365,132,1003
706,1000,88,468
1,1000,4,808
13333,1000,0,1
3649,1000,7,133
3649,1000,8,133
13333,1000,0,1
3649,1000,2,116
13333,1000,0,1
3649,1000,5,146
13333,1000,0,1
3649,1000,7,163
7183,1000,304,266
3649,1000,4,535
3817,1000,0,229
13204,798,33,1000
13333,1000,0,1
7712,1000,522,946
7183,1000,90,245
7183,1000,90,244
7183,1000,90,244
7712,342,1000,255
13204,682,74,1000
3649,1000,0,386
3817,1000,0,245
7712,131,1000,146
13333,1000,0,1
7183,1000,118,322
3649,1000,1,217
3817,1000,0,202
13204,791,64,1000
13333,1000,0,1
3649,1000,6,197
3649,1000,1,117
13333,1000,0,1
3649,1000,5,118
13333,1000,0,1
3649,1000,1,111
13413,51,104,1000
13414,72,116,1000
13415,73,124,1000
4486,260,32,1000
72,18,15,1000
13333,1000,0,1
3649,1000,9,286
13416,51,103,1000
7712,9,1000,15
3649,1000,6,126
13333,1000,0,1
3649,1000,4,118
13333,1000,0,1
727,373,148,1000
727,373,148,1000
727,374,148,1000
706,1000,84,495
1,1000,4,796
3649,1000,7,133
13333,1000,0,1
7712,171,1000,278
7712,29,1000,30
7183,1000,657,369
3649,1000,4,330
7183,1000,103,233
3817,1000,0,248
13333,1000,0,1
7712,249,1000,253
3649,1000,2,298
3817,1000,0,221
13204,722,72,1000
7183,1000,513,273
13333,1000,0,1
3649,1000,2,366
7712,67,1000,70
13204,811,62,1000
3817,1000,0,203
7183,1000,71,341
13204,760,78,1000
13333,1000,0,1
3649,1000,4,318
7183,502,1000,191
13333,1000,0,1
3649,1000,7,227
3649,1000,7,131
13333,1000,0,1
7712,8,1000,10
13333,1000,0,1
3649,1000,5,123
3649,1000,5,123
13333,1000,0,1
3649,1000,4,123
13333,1000,0,1
13422,52,105,1000
13423,69,124,1000
13424,73,131,1000
36,28,2,1000
4486,259,29,1000
3649,1000,10,153
13426,54,107,1000
13333,1000,0,1
3649,1000,8,133
13333,1000,0,1
727,378,105,1000
727,378,105,1000
727,379,105,1000
727,380,105,1001
706,1000,85,461
1,1000,4,796
3649,1000,7,133
13333,1000,0,1
3649,1000,5,185
13333,1000,0,0
7183,1000,343,489
3649,1000,5,398
3817,1000,0,241
7712,140,1000,94
7183,911,151,1000
13333,1000,0,1
3649,1000,1,179
3817,1000,0,213
7712,276,1000,263
7183,1000,104,201
13333,1000,0,1
3649,1000,4,168
7183,1000,407,278
3817,1000,0,230
3649,1000,2,291
13204,767,44,1000
7712,842,716,1000
3817,1000,0,203
13333,1000,0,1
7183,1000,79,318
3649,1000,6,180
13333,1000,0,1
3649,1000,6,129
7183,1000,337,180
13333,1000,0,1
3649,1000,8,163
13333,1000,0,1
3649,1000,7,130
13333,1000,0,1
13429,51,104,1000
13430,69,121,1000
13431,70,124,1000
4486,228,28,1001
4486,228,28,1000
3649,1000,17,168
13333,1000,0,1
13432,51,105,1000
3649,1000,3,123
13333,1000,0,1
3649,1000,4,125
727,396,216,1000
727,396,216,1000
727,396,216,1001
13333,1000,0,1
706,1000,87,462
1,1000,4,796
3649,1000,2,127
13333,1000,0,1
7183,1000,217,918
13204,841,48,1000
3649,1000,1,519
3817,1000,0,229
7712,1000,342,822
7712,114,1000,106
13333,1000,0,1
7183,1000,242,312
3649,1000,1,363
3817,1000,0,245
13204,783,69,1000
13333,1000,0,1
3649,1000,6,127
7712,6,1000,2
13333,1000,0,1
3649,1000,8,133
13333,1000,0,1
3649,1000,7,183
7183,1000,426,288
13333,1000,0,1
3649,1000,3,438
13204,800,57,1000
4486,5,3,1000
13333,1000,0,1
7183,553,1000,103
3649,1000,5,174
7183,420,1000,95
13333,1000,0,1
3649,1000,1,290
13204,842,49,1000
3649,1000,2,272
7183,1000,79,329
13204,862,46,1000
13333,1000,0,1
13434,54,108,1000
13435,65,113,1000
13436,73,134,1000
4486,369,67,1000
7183,493,1000,90
3649,1000,11,304
13437,51,108,1000
13204,739,55,1000
13333,1000,0,1
3649,1000,3,140
7183,547,1000,116
7712,243,1000,319
7183,912,1000,639
13333,1000,0,1
3649,1000,3,374
3817,1000,0,216
13204,688,61,1000
7712,107,1000,74
7183,1000,87,270
3649,1000,2,331
727,429,106,1001
727,430,106,1002
727,430,106,1002
727,431,106,1002
727,431,106,1003
727,431,106,1004
1,395,153,1000
706,1000,90,556
3817,1000,0,214
13333,1000,0,1
13204,677,67,1000
7183,1000,56,377
3649,1000,3,538
3817,1000,0,208
13204,771,48,1000
13333,1000,0,1
7712,294,1000,277
3649,1000,3,132
7183,1000,889,898
13204,641,105,1000
7712,130,1000,118
13333,1000,0,1
7183,872,1000,360
3649,1000,5,410
3817,1000,0,215
13440,8,114,1000
7183,338,1000,127
3649,1000,1,284
13333,1000,0,1
13204,738,36,1000
7712,139,1000,123
3817,1000,0,228
7183,1000,146,181
3649,1000,1,244
13333,1000,0,1
7183,1000,626,223
3649,1000,3,466
3817,1000,0,233
7712,674,1000,666
13204,780,44,1000
13333,1000,0,1
7712,195,1000,144
3649,1000,2,299
7183,1000,50,323
7712,45,1000,98
7712,46,1000,98
3817,1000,0,236
13204,708,47,1000
7183,1000,80,182
13333,1000,0,1
3649,1000,0,464
3817,1000,0,223
13204,884,32,1000
7183,945,1000,398
7712,322,1000,451
3649,1000,3,356
3817,1000,0,244
13333,1000,0,1
13204,783,65,1000
7183,1000,94,330
3649,1000,0,533
3817,1000,0,231
13204,712,54,1000
13333,1000,0,1
3649,1000,2,248
7183,1000,99,221
3817,1000,0,232
7712,575,1000,500
13204,608,64,1000
13444,56,112,1000
13333,1000,0,1
13445,72,128,1000
13446,73,128,1000
4486,153,34,1000
3649,1000,2,316
3817,1000,0,222
13204,709,80,1000
13447,51,109,1000
7183,934,1000,267
7183,1000,171,181
3649,1000,1,308
3817,1000,0,240
13333,1000,0,1
13204,693,65,1000
3649,1000,0,598
7183,1000,65,380
3817,1000,0,223
7712,414,1000,337
13204,802,62,1000
13333,1000,0,1
727,393,75,1000
706,1000,84,463
1,1000,4,796
3649,1000,3,436
7183,842,1000,346
7712,372,1000,377
13204,886,35,1000
13333,1000,0,0
7183,1000,788,302
3649,1000,1,409
13204,683,87,1000
3817,1000,0,242
13333,1000,0,1
3649,1000,1,291
7712,104,1000,159
7183,1000,135,248
3817,1000,0,216
13204,905,46,1000
7183,276,1000,82
13333,1000,0,1
3649,1000,0,268
7712,346,1000,336
13204,783,72,1000
3817,1000,0,212
3649,1000,1,281
7712,189,1000,202
7183,1000,868,540
7183,1001,868,540
13204,749,78,1000
13333,1000,0,1
3817,1000,0,199
3649,1000,0,574
7712,7,1000,39
7183,1000,838,455
3817,1000,0,213
13333,1000,0,1
3649,1000,3,290
7183,834,1000,372
13333,1000,0,1
3649,1000,2,368
3817,1000,0,216
7183,1000,94,273
3817,1000,0,238
13204,862,32,1000
3649,1000,1,366
7712,1000,966,771
13333,1000,0,1
7183,1000,778,214
13204,686,90,1000
3649,1000,0,296
3817,1000,0,248
7183,1000,131,199
13204,692,81,1000
13333,1000,0,1
7712,521,1000,480
3649,1000,6,169
7183,1000,560,176
13204,720,78,1000
13333,1000,0,1
3817,1000,0,246
3649,1000,12,153
13453,58,106,1000
13455,70,124,1000
4486,266,43,1000
13456,51,104,1000
54,9,6,1000
13333,1000,0,1
13457,52,110,1000
3649,1000,10,152
3649,1000,7,127
13333,1000,0,1
3649,1000,3,341
13333,1000,0,1
727,416,154,1000
727,416,154,1000
727,416,154,1001
727,416,154,1001
727,416,154,1002
706,1000,84,487
1,1000,4,796
3649,1000,6,134
13333,1000,0,1
3649,1000,7,128
13333,1000,0,1
3649,1000,7,134
13333,1000,0,1
3649,1000,6,132
7183,1000,123,245
3649,1000,4,368
3817,1000,0,225
13333,1000,0,1
7183,1000,382,241
3817,1000,0,215
3649,1000,4,294
13333,1000,1,7
3649,1000,3,123
13333,1000,0,1
3649,1000,5,127
13333,1000,0,1
3649,1000,7,131
13333,1000,0,1
3649,1000,5,123
13333,1000,0,0
3649,1000,5,123
13333,1000,0,1
13461,51,104,1000
13462,68,123,1000
13463,73,131,1000
4486,240,30,1000
54,10,7,1000
3649,1000,12,352
13464,51,107,1000
13333,1000,0,1
3649,1000,7,134
13333,1000,0,1
727,412,179,1000
706,1000,84,457
1,1000,4,796
3649,1000,6,134
13333,1000,0,1
3649,1000,5,163
13333,1000,0,1
7183,1000,789,338
7712,356,1000,307
3649,1000,1,483
7183,1000,387,325
3817,1000,0,224
7712,586,1000,457
13333,1000,0,1
3649,1000,1,206
13204,688,48,1000
3817,1000,0,232
7712,0,1000,0
7183,1000,682,221
13333,1000,0,1
3649,1000,5,404
3817,1000,0,230
7183,1000,101,203
7712,520,1000,520
13333,1000,0,1
3649,1000,1,297
7183,1000,154,194
3817,1000,0,222
3649,1000,1,284
13204,683,64,1000
13333,1000,0,1
7183,300,1000,177
3817,1000,0,260
7712,187,1000,221
3649,1000,1,272
7183,307,1000,80
13333,1000,0,1
3649,1000,2,315
4486,5,0,1000
3817,1000,0,219
7183,1000,747,200
13204,737,81,1000
13333,1000,0,1
3649,1000,1,272
7712,633,1000,645
3817,1000,0,235
7183,800,1000,341
13204,842,62,1000
13333,1000,0,1
3649,1000,1,542
7183,1000,328,198
3817,1000,0,229
13204,714,87,1000
3649,1000,6,173
13470,50,102,1000
13471,63,116,1000
13472,73,124,1000
4486,452,56,1000
16,22,5,1000
13333,1000,0,1
3817,1000,0,244
13204,613,77,1000
13473,51,106,1000
7183,950,1000,305
3649,1000,1,298
7183,1000,122,466
7712,327,1000,205
3817,1000,0,221
13333,1000,0,1
3649,1000,1,295
7183,1000,80,272
3817,1000,0,215
3649,1000,2,498
13333,1000,0,1
7712,702,1000,711
3817,1000,0,237
727,397,143,1000
706,1000,87,466
1,1000,4,825
7183,1000,65,377
7712,312,1000,209
13333,1000,1,7
3649,1000,3,373
3817,1000,0,231
7183,1000,170,476
3649,1000,3,292
7183,482,1000,182
3817,1000,0,232
13333,1000,0,1
3649,1000,1,514
3817,1000,0,233
7712,472,1000,404
7183,582,1000,258
13333,1000,0,0
3649,1000,4,400
13204,759,68,1000
7183,1000,84,243
3817,1000,0,218
13333,1000,0,1
3649,1000,3,362
3817,1000,0,243
7183,578,1000,233
13333,1000,0,1
3649,1000,1,427
3817,1000,0,233
7712,325,1000,287
7183,1000,336,240
3649,1000,2,380
13333,1000,0,1
7712,268,1000,243
7183,1000,186,285
3817,1000,0,239
3649,1000,2,259
3817,1000,0,202
13333,1000,0,1
3649,1000,2,360
13333,1000,0,0
7183,1000,293,263
3817,1000,0,232
3649,1000,1,501
7183,676,1000,223
13333,1000,0,1
3649,1000,3,483
3817,1000,0,236
7183,1000,192,319
13333,1000,0,0
3649,1000,8,356
13476,52,108,1000
13477,71,124,1000
13478,73,144,1000
4486,247,35,1000
4486,247,35,1001
7183,1000,135,329
3817,1000,0,212
13479,54,105,1000
3649,1000,1,586
13333,1000,0,1
3817,1000,0,239
7712,728,1000,595
7183,812,1000,176
3649,1000,1,255
13333,1000,0,1
3817,1000,0,212
7183,1000,531,188
727,403,84,1001
727,403,84,1001
727,403,84,1001
727,403,84,1002
706,1000,91,461
1,1000,4,796
3649,1000,0,387
3817,1000,0,201
7712,580,1000,528
13333,1000,0,1
7183,1000,110,248
3649,1000,1,294
3817,1000,0,236
3649,1000,2,299
13333,1000,0,1
7183,779,1000,291
3649,1000,1,165
7183,456,1000,126
13333,1000,0,1
3817,1000,0,237
7183,1000,918,355
3649,1000,3,551
3817,1000,0,214
7712,705,1000,581
13204,811,55,1000
7183,1000,120,185
13333,1000,0,1
3649,1000,1,316
3817,1000,0,210
7712,518,1000,394
7183,1000,122,215
7712,16,1000,21
36,154,7,1000
13333,1000,0,1
3649,1000,2,402
3817,1000,0,232
3649,1000,1,225
7183,1000,53,415
13333,1000,0,1
13204,755,36,1000
3817,1000,0,250
3649,1000,1,206
7183,1000,858,262
7712,216,1000,215
13333,1000,0,1
7183,1000,535,200
3649,1000,1,383
3817,1000,0,236
7183,1000,96,212
13333,1000,0,1
3649,1000,2,254
3817,1000,0,206
7712,737,1000,760
7712,106,1000,90
7712,106,1000,91
13333,1000,0,0
7183,873,1000,239
3649,1000,1,261
3817,1000,0,213
7183,150,1000,60
7712,109,1000,100
3649,1000,1,316
13486,51,109,1000
13487,66,115,1000
13488,59,114,1000
30,14,11,1000
3817,1000,0,224
13333,1000,0,1
4486,244,46,1000
4486,244,46,1001
13489,51,110,1000
7183,1000,97,219
13204,878,28,1000
3649,1000,1,355
7712,572,1000,767
3817,1000,0,217
13333,1000,0,1
7183,1000,114,341
3649,1000,1,354
7712,323,1000,308
3817,1000,0,221
13204,637,70,1000
7183,1000,102,161
13333,1000,0,1
3649,1000,2,372
727,365,127,1000
706,1000,84,469
1,1000,4,796
3817,1000,0,220
7712,710,1000,898
13204,730,79,1000
7183,1000,354,175
3649,1000,1,422
13333,1000,0,1
13204,774,61,1000
7712,432,1000,422
3817,1000,0,224
7183,1000,250,203
3649,1000,1,174
7712,1000,499,911
13333,1000,0,1
7183,757,1000,168
13204,757,74,1000
3817,1000,0,224
7712,154,1000,129
3649,1000,0,466
3817,1000,0,201
7183,719,1000,168
13333,1000,0,1
3649,1000,3,170
7712,374,1000,239
7183,1000,466,199
3817,1000,0,227
13204,724,69,1000
13333,1000,0,1
3649,1000,1,326
7712,385,1000,331
3817,1000,0,230
13204,746,64,1000
7183,1000,162,199
3649,1000,3,343
13333,1000,0,1
7183,1000,157,182
3817,1000,0,234
3649,1000,1,294
13333,1000,0,1
3649,1000,2,131
7712,13,1000,6
13333,1000,0,1
3649,1000,2,392
7183,1000,327,273
3817,1000,0,229
7183,396,1000,169
13333,1000,0,1
3649,1000,0,503
13204,756,47,1000
3817,1000,0,215
7712,694,1000,577
7183,1000,80,331
3649,1000,3,413
3817,1000,0,220
13333,1000,0,1
7183,1000,111,187
13492,59,115,1000
13493,68,124,1000
13494,72,128,1000
78,10,7,1000
3649,1000,3,274
4486,231,70,1000
3817,1000,0,201
13495,51,109,1000
13204,622,83,1000
13333,1000,0,1
7183,1000,871,172
3649,1000,6,204
13204,670,94,1000
13333,1000,0,0
3649,1000,7,137
7712,4,1000,1
727,378,88,1000
727,378,89,1001
727,378,89,1002
706,1000,85,468
1,1000,4,796
13333,1000,0,1
3649,1000,7,166
13333,1000,0,1
3649,1000,7,134
13333,1000,0,0
3649,1000,7,147
13204,705,88,1000
7183,1000,610,188
3649,1000,3,353
13333,1000,0,1
3817,1000,0,209
7183,1000,716,186
13204,599,96,1000
13333,1000,0,1
3649,1000,4,273
7712,0,1000,0
3649,1000,6,132
13333,1000,0,1
3649,1000,3,123
13333,1000,0,1
3649,1000,5,125
4486,43,5,1000
13333,1000,0,1
13333,1000,0,0
3649,1000,8,134
13333,1000,0,1
3649,1000,3,123
13498,53,108,1000
13499,71,125,1000
13500,74,130,1000
4486,232,35,1000
48,35,22,1000
3649,1000,11,165
13501,52,106,1000
13333,1000,0,1
7183,82,1000,381
3649,1000,0,165
13333,1000,0,1
7183,820,1000,327
3649,1000,3,323
13204,735,69,1000
3817,1000,0,229
7183,1000,151,255
4926,0,1000,8
727,386,269,1000
727,387,269,1000
727,387,269,1000
727,388,269,1000
727,388,269,1002
727,388,269,1002
727,388,269,1004
727,388,269,1004
727,388,269,1004
13204,763,68,1000
706,1000,84,468
1,1000,4,795
3649,1000,4,526
13333,1000,1,7
3817,1000,0,236
7183,1000,112,237
3649,1000,2,167
7712,415,1000,360
13204,728,48,1000
13333,1000,0,1
3817,1000,0,245
7183,1000,83,273
13204,766,57,1000
3649,1000,4,381
13333,1000,0,1
7426,12,1000,28
7183,267,1000,196
5003,37,1000,262
3649,1000,2,246
3817,1000,0,215
7183,1000,263,272
13204,784,67,1000
13333,1000,0,1
3649,1000,2,459
3817,1000,0,176
7712,887,1000,756
7183,1000,354,303
13204,737,76,1000
3649,1000,2,256
13333,1000,0,1
3817,1000,0,212
7183,1000,771,162
13204,685,75,1000
3649,1000,3,305
7712,529,1000,365
13333,1000,0,1
3649,1000,3,236
7183,685,1000,180
13333,1000,0,1
3649,1000,5,369
13204,669,87,1000
3817,1000,0,203
7712,757,1000,682
7183,1000,145,255
3649,1000,2,250
3817,1000,0,214
13333,1000,0,1
7183,806,1000,131
13204,720,70,1000
3649,1000,2,479
3817,1000,0,224
13333,1000,0,1
3649,1000,3,289
13204,682,97,1000
3817,1000,0,217
7183,1000,735,300
13513,51,104,1000
13515,71,128,1000
13516,74,130,1000
42,53,11,1000
13333,1000,0,1
4486,334,70,1000
3649,1000,4,310
13517,54,106,1000
13204,630,100,1000
7183,886,1000,212
7712,223,1000,133
3817,1000,0,223
3649,1000,7,299
13333,1000,0,1
7183,641,1000,206
3649,1000,1,529
727,446,165,1000
727,446,165,1000
727,446,165,1002
727,446,165,1002
13333,1000,0,1
706,1000,84,456
1,1000,4,796
7183,1000,535,402
7183,1000,98,172
3649,1000,2,332
3817,1000,0,232
13204,716,90,1000
7712,624,1000,532
13333,1000,0,0
3649,1000,2,326
7183,385,1000,208
13204,813,55,1000
3817,1000,0,229
3649,1000,2,431
7183,1000,142,261
13333,1000,0,1
3817,1000,0,189
3649,1000,1,400
13204,844,43,1000
7183,1000,137,283
3817,1000,0,219
13333,1000,0,1
7712,387,1000,315
13204,858,47,1000
3649,1000,3,424
7183,1000,449,388
13333,1000,0,0
3817,1000,0,242
3649,1000,3,528
13204,867,23,1000
7183,716,1000,274
3817,1000,0,235
7712,454,1000,352
13204,803,70,1000
13333,1000,0,1
7712,19,1000,11
3649,1000,0,259
7183,1000,114,192
3817,1000,0,220
13333,1000,0,0
3649,1000,3,396
7183,1000,150,254
7712,334,1000,252
3817,1000,0,234
13204,776,54,1000
13333,1000,0,1
3649,1000,15,246
7183,1000,335,238
3817,1000,0,202
13204,738,65,1000
13333,1000,0,0
7712,736,1000,733
3649,1000,3,365
7183,1000,132,186
3817,1000,0,212
7712,71,1000,80
13333,1000,0,1
7183,1000,455,187
3649,1000,7,246
3817,1000,0,220
13524,51,110,1000
13333,1000,0,1
13525,71,126,1000
13526,73,131,1000
48,8,5,1000
4486,278,29,1000
3649,1000,17,166
13527,53,110,1000
3649,1000,5,132
13333,1000,0,1
3649,1000,5,393
4926,57,1000,163
13333,1000,0,1
727,371,164,1000
706,1000,84,473
1,1000,4,796
3649,1000,3,184
7183,1000,623,171
3817,1000,0,232
13333,1000,0,1
7183,1000,323,211
3649,1000,5,238
3817,1000,0,205
13333,1000,0,0
3649,1000,5,132
13333,1000,0,1
3649,1000,6,132
13333,1000,0,1
3649,1000,6,132
13333,1000,0,1
13333,1000,0,1
3649,1000,6,132
3649,1000,6,132
13333,1000,0,1
13333,1000,0,1
3649,1000,6,132
13531,52,109,1000
13532,68,121,1000
13533,73,125,1000
72,28,24,1000
4486,257,51,1000
3649,1000,15,255
13333,1000,0,1
13534,51,109,1000
3649,1000,3,181
7712,139,1000,234
7183,1000,721,347
13333,1000,0,1
3649,1000,3,331
7183,1000,140,308
3817,1000,0,213
13204,838,49,1000
7712,800,1000,820
7712,74,1000,154
7183,1000,562,201
727,480,91,1001
727,480,91,1001
706,1000,84,519
1,1000,4,846
13333,1000,0,1
3649,1000,1,397
3817,1000,0,230
13204,683,88,1000
3649,1000,3,164
7183,1000,706,172
3817,1000,0,206
13333,1000,0,1
13204,641,88,1000
3649,1000,6,165
7712,150,1000,138
7183,1000,477,252
3817,1000,0,230
13333,1000,0,1
3649,1000,1,276
3817,1000,0,218
7183,1000,167,174
3649,1000,1,455
13333,1000,0,1
7712,226,1000,212
7183,1000,741,284
13204,644,81,1000
3649,1000,1,372
3817,1000,0,210
13333,1000,0,1
7183,734,1000,312
13204,716,68,1000
7712,199,1000,212
3649,1000,2,416
3817,1000,0,216
7183,1000,158,199
7712,604,1000,528
13333,1000,0,1
13204,658,60,1000
3649,1000,3,337
7183,1000,593,336
3817,1000,0,230
7712,685,1000,707
13333,1000,0,1
3649,1000,5,444
3817,1000,0,213
7183,940,1000,250
13204,674,65,1000
4486,13,0,1000
3649,1000,2,290
13333,1000,0,1
4838,3,1000,2
3817,1000,0,207
7183,374,1000,59
3649,1000,1,230
13204,660,72,1000
13333,1000,1,7
7712,7,1000,2
13333,1000,0,1
3649,1000,7,179
13537,51,103,1000
13538,69,125,1000
13539,54,111,1000
16,32,13,1000
4486,214,23,1000
7712,0,1000,0
13540,51,107,1000
13333,1000,0,1
3649,1000,8,133
13333,1000,0,1
3649,1000,8,277
7183,1000,834,174
3817,1000,0,210
727,513,81,1001
727,513,81,1001
706,1000,91,475
1,1000,4,796
3649,1000,6,166
7183,1000,687,279
13333,1000,0,1
7712,500,1000,449
3649,1000,12,160
13333,1000,0,1
3649,1000,2,116
7183,31,1000,40
13333,1000,0,1
3649,1000,8,137
13333,1000,0,1
3649,1000,12,175
13333,1000,0,1
13333,1000,0,1
3649,1000,8,134
3649,1000,7,164
13333,1000,0,1
7183,1000,726,639
7183,1000,131,292
3649,1000,0,544
7712,573,1000,511
13543,51,106,1000
13544,67,124,1000
13545,74,127,1000
54,27,1,1000
13333,1000,0,1
3649,1000,4,257
7183,1000,954,235
13546,52,106,1000
7712,652,910,1000
3817,1000,0,215
7183,1000,394,218
13333,1000,0,1
3649,1000,0,378
3817,1000,0,238
13204,724,49,1000
3649,1000,0,310
3817,1000,0,211
7183,1000,106,246
13204,731,43,1000
13333,1000,0,1
727,401,176,1000
727,402,176,1000
706,1000,88,479
1,1000,4,796
3649,1000,6,185
13333,1000,0,1
727,703,292,1000
3649,1000,7,163
13333,1000,0,1
3649,1000,1,163
7183,1000,324,193
13204,658,78,1000
3649,1000,1,179
7712,53,1000,104
7183,1000,305,264
13204,710,78,1000
13333,1000,0,1
3817,1000,0,235
3649,1000,2,391
7183,1000,172,204
7712,382,1000,366
13204,594,97,1000
3817,1000,0,215
13333,1000,0,1
3649,1000,2,237
7183,266,1000,70
13333,1000,0,1
7712,201,1000,150
3649,1000,2,412
7183,1000,156,301
3817,1000,0,236
3649,1000,1,134
13333,1000,0,1
3649,1000,4,571
13204,801,56,1000
7712,90,1000,114
7183,1000,966,267
13204,725,84,1000
3817,1000,0,219
13333,1000,0,1
3649,1000,1,135
7183,1000,629,175
13333,1000,0,1
13204,716,80,1000
3649,1000,2,233
7712,22,1000,43
7183,1000,938,244
3649,1000,2,296
3817,1000,0,207
13333,1000,0,1
7712,373,1000,421
13204,768,62,1000
7183,1000,102,172
13552,51,103,1000
13553,56,112,1000
13554,70,125,1000
42,65,9,1000
13555,53,106,1000
3649,1000,2,198
4486,219,27,1000
13333,1000,0,1
3817,1000,0,241
7183,1000,104,182
7712,478,1000,435
13204,645,65,1000
3649,1000,1,298
3817,1000,0,203
7183,170,1000,31
13333,1000,0,1
3649,1000,3,125
7712,85,1000,174
727,390,195,1000
727,390,195,1000
727,390,195,1001
727,390,195,1000
706,1000,84,463
1,1000,4,797
7183,743,1000,219
3649,1000,1,511
13333,1000,0,1
13204,760,67,1000
3817,1000,0,216
7183,1000,103,200
7712,491,1000,408
3649,1000,1,228
3817,1000,0,199
13333,1000,0,1
7183,1000,91,277
7712,828,1000,723
3817,1000,0,196
3649,1000,2,439
13204,758,70,1000
13333,1000,0,1
7183,199,1000,60
3649,1000,1,184
7712,88,1000,100
3817,1000,0,239
13204,760,84,1000
7183,1000,170,185
13333,1000,0,1
3649,1000,4,207
3649,1000,6,407
13333,1000,0,1
3649,1000,7,179
7183,707,1000,224
13333,1000,0,1
7712,206,1000,458
7183,821,1000,170
3649,1000,3,434
7712,57,1000,58
3817,1000,0,205
13333,1000,0,1
7183,1000,219,186
3649,1000,3,308
3817,1000,0,209
7183,1000,455,331
13333,1000,1,7
3649,1000,3,366
3817,1000,0,239
7183,798,1000,210
13333,1000,0,1
3649,1000,6,388
13204,910,30,1000
7183,1000,77,779
3649,1000,3,290
7712,655,1000,618
3817,1000,0,225
7712,58,1000,29
13559,51,111,1000
13560,63,114,1000
13562,72,126,1000
42,37,12,1000
13333,1000,0,1
4486,231,23,1000
13563,51,106,1000
7183,939,1000,213
3649,1000,6,268
3817,1000,0,242
13333,1000,0,1
3649,1000,6,140
7183,745,1000,114
7712,301,1000,378
3817,1000,0,233
727,415,203,1000
727,415,203,1001
727,416,203,1002
706,1000,96,477
13333,1000,0,1
1,1000,4,796
7183,613,1000,150
3649,1000,5,176
3649,1000,4,209
7712,234,1000,294
7183,900,1000,245
7712,79,1000,98
13333,1000,0,1
3817,1000,0,231
13204,760,47,1000
7183,637,1000,303
3649,1000,4,454
3817,1000,0,241
7183,1000,316,251
7712,541,1000,549
13333,1000,0,1
3649,1000,1,310
3817,1000,0,204
4336,26,238,1000
7183,1000,382,329
13333,1000,0,1
3649,1000,4,555
3817,1000,0,216
7712,161,1000,222
7183,1000,111,224
3649,1000,2,321
13333,1000,0,1
7712,0,1000,0
3817,1000,0,214
7183,1000,134,205
3649,1000,1,247
3817,1000,0,245
13333,1000,0,1
13204,716,51,1000
7183,282,1000,100
3649,1000,2,253
13333,1000,0,1
3649,1000,1,173
4486,27,5,1000
13333,1000,0,1
7183,1000,905,194
3649,1000,2,246
7712,452,1000,519
3817,1000,0,211
7712,50,1000,58
13204,808,30,1000
7183,1000,95,192
3817,1000,0,220
13333,1000,0,1
3649,1000,0,402
13204,814,55,1000
7183,1000,80,260
3649,1000,2,341
7712,1000,645,953
3817,1000,0,229
13333,1000,0,1
13565,51,102,1000
13566,65,117,1000
13567,72,125,1000
4486,278,50,1000
30,24,10,1000
7183,489,1000,165
3649,1000,7,282
13568,53,108,1000
3817,1000,0,213
13333,1000,0,1
3649,1000,1,232
7183,670,1000,191
7712,24,1000,27
7183,1000,626,255
13204,758,68,1000
3649,1000,0,584
13333,1000,0,1
3817,1000,0,212
7712,259,1000,257
727,459,112,1001
727,459,112,1001
727,459,112,1001
727,459,112,1001
727,460,112,1001
727,460,112,1002
706,1000,87,464
7183,1000,275,184
1,1000,4,796
3649,1000,4,386
3817,1000,0,222
13333,1000,0,1
7712,422,1000,352
7183,1000,119,239
3649,1000,3,421
3817,1000,0,231
13333,1000,0,1
3649,1000,1,250
7183,1000,733,223
3817,1000,0,203
3649,1000,1,274
13333,1000,0,1
3817,1000,0,218
13204,687,76,1000
3649,1000,9,304
13333,1000,0,1
7712,135,1000,75
3817,1000,0,210
13204,680,61,1000
3649,1000,8,341
3817,1000,0,219
7183,1000,34,274
13333,1000,0,1
3649,1000,18,391
13204,651,51,1000
7183,1000,662,258
13333,1000,0,0
3649,1000,3,302
13333,1000,0,1
3649,1000,2,193
13204,676,57,1000
7183,1000,564,251
3817,1000,0,233
13333,1000,0,1
3649,1000,7,168
3649,1000,14,362
3817,1000,0,218
7183,1000,34,268
13333,1000,0,1
3649,1000,4,174
13570,51,105,1000
13571,61,118,1000
13572,60,75,1000
4486,249,23,1000
13333,1000,0,1
60,15,11,1000
13573,52,108,1000
3649,1000,6,287
13333,1000,0,1
3817,1000,0,241
13204,745,47,1000
3649,1000,5,300
7183,1000,369,255
3817,1000,0,241
13333,1000,0,1
3649,1000,1,183
727,414,302,1001
727,414,302,1001
727,414,302,1001
727,415,302,1001
727,415,302,1002
706,1000,84,477
1,1000,4,796
7183,1000,678,300
13333,1000,0,1
7183,806,1000,194
3649,1000,7,267
3817,1000,0,219
13204,768,44,1000
7183,1000,410,347
3649,1000,4,395
13333,1000,0,1
7712,809,1000,660
3817,1000,0,235
13204,743,40,1000
7183,1000,86,317
3649,1000,7,478
3817,1000,0,239
13204,738,49,1000
13333,1000,0,1
7183,1000,64,305
3649,1000,2,374
3817,1000,0,221
13204,728,53,1000
7183,1000,82,271
13333,1000,0,1
3649,1000,8,294
3817,1000,0,210
7183,1000,494,187
3649,1000,6,294
13333,1000,1,7
13333,1000,0,0
3649,1000,6,295
13333,1000,0,1
7712,3,1000,6
3649,1000,7,134
13333,1000,0,1
777,455,2,1000
3649,1000,5,187
7712,36,1000,41
13333,1000,0,1
3649,1000,5,132
13582,62,117,1000
13583,74,117,1000
13584,58,111,1000
4486,198,24,1000
60,34,31,1000
13333,1000,0,1
3649,1000,11,157
13585,57,113,1000
3649,1000,3,123
13333,1000,0,1
7712,19,1000,44
13333,1000,0,1
3649,1000,8,134
727,373,79,1001
727,373,79,1001
727,373,79,1001
706,1000,84,457
1,1000,4,796
13333,1000,0,1
3649,1000,5,125
3649,1000,2,120
13333,1000,0,1
13333,1000,0,1
3649,1000,8,133
3649,1000,8,134
13333,1000,0,1
13333,1000,0,1
3649,1000,8,128
3649,1000,8,135
13333,1000,0,1
3649,1000,8,134
7183,68,1000,98
13333,1000,0,1
3649,1000,8,134
13333,1000,0,1
13588,55,113,1000
13589,70,123,1000
13590,73,129,1000
78,32,7,1000
13591,53,110,1000
3649,1000,8,152
4486,282,34,1000
7712,218,1000,304
7183,1000,288,349
13333,1000,0,1
3649,1000,1,298
3817,1000,0,203
7183,598,1000,217
13333,1000,0,1
3649,1000,4,279
727,384,116,1000
727,384,116,1002
727,384,116,1001
706,1000,93,493
1,1000,4,796
7712,67,1000,111
3817,1000,0,245
7183,1000,248,270
3649,1000,1,355
3817,1000,0,205
13204,717,37,1000
13333,1000,0,1
7183,1000,125,217
7712,281,1000,318
13204,707,56,1000
3649,1000,14,529
3817,1000,0,199
7183,1000,84,310
13333,1000,0,1
3649,1000,4,367
13204,834,25,1000
3817,1000,0,228
7712,1000,924,855
7183,1000,83,244
7712,341,1000,371
3649,1000,20,485
13333,1000,0,1
3817,1000,0,210
13204,700,51,1000
7183,1000,103,196
3649,1000,2,379
3817,1000,0,239
13333,1000,0,1
7183,1000,76,288
3649,1000,3,478
7712,584,1000,470
3817,1000,0,255
7712,92,1000,105
13333,1000,0,1
7183,1000,75,443
13204,805,47,1000
3649,1000,0,402
3817,1000,0,210
7712,23,1000,98
7183,1000,258,337
3649,1000,0,533
13333,1000,1,7
13204,803,57,1000
3817,1000,0,207
7183,179,1000,102
3649,1000,0,368
13333,1000,0,0
3817,1000,0,224
13204,907,22,1000
4486,29,5,1000
7712,1000,497,948
3649,1000,2,180
13204,736,82,1000
7183,1000,63,358
3817,1000,0,210
13333,1000,0,1
7183,1000,71,329
3649,1000,4,371
7712,444,1000,424
13204,830,27,1000
3817,1000,0,248
7183,1000,99,254
13333,1000,0,1
3649,1000,3,349
13204,584,91,1000
3817,1000,0,221
7712,57,1000,52
13594,53,109,1000
13595,69,120,1000
13597,70,129,1000
4486,264,65,1000
13596,266,321,1000
13601,88,239,1000
72,33,30,1000
13204,745,48,1000
7183,1000,675,195
13608,56,113,1000
13333,1000,0,1
3649,1000,5,298
3817,1000,0,226
13601,0,1000,5
13610,88,240,1000
13333,1000,0,1
3649,1000,6,134
727,406,160,1000
727,406,160,1000
706,1000,84,504
1,1000,4,796
13333,1000,0,1
3649,1000,6,135
3649,1000,6,403
13333,1000,0,1
13204,767,44,1000
7712,7,1000,2
3649,1000,6,127
13333,1000,0,1
3649,1000,4,273
13204,651,98,1000
7183,1000,467,188
3817,1000,0,221
13333,1000,0,1
7183,1000,347,183
3649,1000,3,295
3817,1000,0,218
13333,1000,0,1
3649,1000,6,132
13333,1000,0,0
7712,4,1000,1
3649,1000,3,123
13333,1000,0,1
3649,1000,8,133
13333,1000,0,1
3649,1000,3,123
13333,1000,0,1
13620,51,96,1000
13621,67,122,1000
13622,71,128,1000
4486,139,18,1000
48,25,22,1000
13623,56,107,1000
3649,1000,4,146
13333,1000,0,1
3649,1000,6,194
7183,1000,640,267
3649,1000,1,570
3817,1000,0,229
7712,655,1000,698
13204,770,54,1000
7183,1000,387,202
727,388,155,1000
727,388,155,1001
706,1000,89,499
1,1000,4,796
13333,1000,0,1
3649,1000,2,193
13204,789,64,1000
7183,1000,361,236
3817,1000,0,216
7712,341,1000,307
13333,1000,0,1
3649,1000,1,187
13204,782,76,1000
3817,1000,0,193
7183,1000,119,194
3649,1000,1,207
7712,513,1000,453
3817,1000,0,237
13333,1000,0,1
7183,1000,62,259
3649,1000,1,396
3817,1000,0,233
13204,727,60,1000
13333,1000,0,1
7183,1000,883,199
3649,1000,1,232
13204,688,88,1000
3817,1000,0,242
13333,1000,0,1
13204,666,93,1000
3649,1000,1,303
3649,1000,1,179
7183,538,1000,172
13333,1000,0,1
7183,1000,799,246
7712,424,1000,390
13204,747,80,1000
3649,1000,1,352
13204,804,72,1000
7712,439,1000,428
3817,1000,0,248
7183,1000,116,185
7712,199,1000,152
3649,1000,1,249
13333,1000,0,1
3817,1000,0,240
13204,686,87,1000
7183,0,1000,0
3649,1000,1,171
13204,699,86,1000
3817,1000,0,234
13333,1000,0,1
7712,912,1000,836
7183,1000,479,207
3649,1000,1,273
3817,1000,0,222
13204,760,84,1000
7183,1000,76,195
13333,1000,0,1
7712,1000,690,751
3649,1000,1,232
3817,1000,0,203
7183,1000,337,229
13633,51,100,1000
13634,71,127,1000
13635,70,126,1000
4486,209,22,1000
30,41,29,1000
13204,691,74,1000
3817,1000,0,212
13333,1000,0,1
3649,1000,5,500
13636,52,105,1000
7712,530,1000,375
7183,1000,107,204
3649,1000,2,319
3817,1000,0,221
13333,1000,0,1
3649,1000,1,308
7183,1000,85,274
3817,1000,0,237
13333,1000,0,0
7712,323,1000,183
727,414,193,1000
727,414,193,1000
727,415,193,1000
727,416,193,1000
706,1000,88,462
1,1000,4,796
13204,738,58,1000
7712,14,1000,73
7183,389,1000,105
13333,1000,0,1
3649,1000,7,230
3649,1000,3,146
13333,1000,0,1
7183,1000,584,171
3649,1000,4,256
13204,716,78,1000
7712,656,1000,592
7712,656,1001,592
7183,1000,975,212
3649,1000,3,362
13333,1000,0,0
7712,656,1000,507
13204,766,42,1000
3817,1000,0,220
3649,1000,1,248
3817,1000,0,224
7183,1000,285,191
13333,1000,0,1
13204,741,49,1000
7712,1000,498,883
3649,1000,1,391
3817,1000,0,214
7183,1000,82,268
13333,1000,0,0
7712,372,1000,473
13204,726,57,1000
3649,1000,0,269
7183,312,1000,67
3817,1000,0,226
13333,1000,0,1
13204,741,43,1000
7712,714,1000,740
3649,1000,1,269
3817,1000,0,215
7183,1000,62,287
13333,1000,0,1
3649,1000,1,371
3817,1000,0,232
7183,1000,113,300
7712,315,1000,228
3649,1000,1,277
7183,1000,92,184
3817,1000,0,243
13333,1000,0,1
3649,1000,1,359
3817,1000,0,234
7183,1000,62,254
13333,1000,0,1
3649,1000,3,376
7183,546,1000,136
13640,54,105,1000
13333,1000,0,0
13641,70,126,1000
13642,70,126,1000
24,29,5,1000
4486,287,40,1000
3649,1000,5,260
13643,51,105,1000
3649,1000,6,293
13333,1000,0,1
3649,1000,3,194
727,384,107,1000
727,384,107,1000
727,384,107,1001
706,1000,86,474
1,1000,4,814
13333,1000,0,1
7183,1000,360,540
3649,1000,1,267
3817,1000,0,216
7183,1000,674,292
13204,699,85,1000
3649,1000,3,420
7712,497,1000,436
13333,1000,1,8
7183,1000,448,214
3817,1000,0,210
7712,330,1000,199
13204,666,93,1000
7183,5,1000,1
3649,1000,1,309
13333,1000,0,0
3817,1000,0,244
3649,1000,0,368
13204,799,51,1000
13333,1000,0,1
7183,1000,794,367
3649,1000,4,652
7712,297,1000,268
7183,1000,368,414
13333,1000,0,1
3649,1000,1,184
3817,1000,1,285
13204,857,45,1000
3649,1000,3,202
