TGID,Kids Length,Total Percent
4926,15,92.000000
3636,1,74.000000
10114,1,59.000000
3636,1,63.000000
3649,1,60.000000
4486,37,0.000000
4486,43,100.000000
3649,1,70.000000
3636,1,82.000000
4486,79,98.000000
10120,12,93.000000
4486,80,54.000000
4486,80,21.000000
3649,1,70.000000
7183,17,50.000000
3636,1,77.000000
4486,80,157.000000
4486,80,94.000000
7183,19,30.000000
3636,1,43.000000
7183,28,91.000000
7712,13,53.000000
3649,1,0.000000
3636,1,40.000000
7712,23,90.000000
3649,1,58.000000
3636,1,83.000000
7183,45,61.000000
3636,1,10.000000
7183,46,10.000000
3649,1,40.000000
7712,29,75.000000
3636,1,63.000000
7183,53,70.000000
3649,1,61.000000
7183,55,92.000000
3636,1,71.000000
7712,29,0.000000
7183,53,71.000000
3636,1,54.000000
3649,1,61.000000
4486,80,76.000000
3636,1,23.000000
7183,53,0.000000
7183,53,30.000000
7712,29,61.000000
3636,1,0.000000
3649,1,10.000000
7183,54,70.000000
3636,1,71.000000
3649,1,60.000000
3636,1,10.000000
3649,1,10.000000
7183,55,72.000000
7712,29,20.000000
3636,1,60.000000
3649,1,67.000000
4486,80,0.000000
7183,63,10.000000
3636,1,20.000000
3636,1,43.000000
7712,29,55.000000
7183,59,30.000000
3636,1,60.000000
7183,59,50.000000
7712,28,57.000000
3636,1,40.000000
4486,81,90.000000
3636,1,0.000000
3636,1,30.000000
3636,1,61.000000
7183,60,30.000000
3636,1,62.000000
3636,1,20.000000
7712,28,10.000000
7183,60,10.000000
3636,1,51.000000
3649,1,55.000000
7183,60,74.000000
7712,28,41.000000
3636,1,68.000000
4486,82,90.000000
7183,60,30.000000
7712,28,0.000000
3636,1,49.000000
3649,1,50.000000
7183,60,70.000000
7712,28,41.000000
3636,1,83.000000
7712,28,91.000000
3649,1,41.000000
7183,60,70.000000
3636,1,21.000000
3636,1,54.000000
7183,60,30.000000
3636,1,61.000000
7712,28,79.000000
7183,60,40.000000
3636,1,0.000000
7712,28,81.000000
7183,60,40.000000
7712,28,71.000000
7183,60,30.000000
7183,60,30.000000
3636,1,13.000000
7712,28,82.000000
7183,59,40.000000
7712,28,90.000000
7183,56,40.000000
3636,1,0.000000
7712,28,86.000000
7183,56,40.000000
7183,56,62.000000
3636,1,42.000000
3649,1,21.000000
7712,28,31.000000
7183,56,50.000000
3636,1,27.000000
7183,57,50.000000
3636,1,33.000000
3649,1,10.000000
7712,28,10.000000
3636,1,69.000000
7183,57,60.000000
3649,1,30.000000
7712,28,30.000000
10176,1,98.000000
3636,1,86.000000
3649,1,50.000000
7183,57,61.000000
7712,28,30.000000
7712,28,50.000000
7183,57,70.000000
3636,1,40.000000
727,16,93.000000
3649,1,10.000000
10176,1,230.000000
10184,1,81.000000
3636,1,75.000000
3636,1,48.000000
3636,1,62.000000
7712,27,70.000000
7183,57,20.000000
3636,1,13.000000
7183,57,60.000000
3636,1,44.000000
3649,1,0.000000
4486,83,92.000000
3636,1,84.000000
7183,57,40.000000
7712,27,31.000000
3649,1,20.000000
3636,1,42.000000
3636,1,0.000000
7183,56,30.000000
3649,1,20.000000
3636,1,30.000000
7183,56,40.000000
7712,27,30.000000
3636,1,0.000000
7183,56,40.000000
7712,27,41.000000
3636,1,91.000000
7183,56,40.000000
7712,27,0.000000
4486,84,76.000000
7183,56,10.000000
3636,1,13.000000
7712,27,20.000000
7183,56,40.000000
3636,1,38.000000
7712,27,41.000000
7183,56,50.000000
3636,1,38.000000
7712,27,10.000000
7183,56,20.000000
3636,1,53.000000
7712,27,20.000000
7183,56,21.000000
3636,1,41.000000
7183,56,10.000000
3636,1,78.000000
7712,27,10.000000
7183,56,20.000000
727,16,91.000000
7712,27,43.000000
7183,56,40.000000
3636,1,32.000000
7712,27,47.000000
7183,56,40.000000
7712,27,69.000000
7183,56,30.000000
7712,27,94.000000
7712,27,65.000000
7183,56,40.000000
7183,56,40.000000
3636,1,0.000000
3636,1,31.000000
7183,56,60.000000
7712,27,20.000000
3636,1,0.000000
7183,56,10.000000
3636,1,23.000000
7183,56,10.000000
3636,1,54.000000
4486,84,97.000000
7183,56,20.000000
3636,1,49.000000
7183,56,70.000000
7712,27,20.000000
3636,1,24.000000
7183,56,50.000000
3636,1,33.000000
7712,27,20.000000
7183,56,0.000000
3636,1,0.000000
7712,27,0.000000
7712,27,20.000000
7183,56,30.000000
3636,1,0.000000
3649,1,0.000000
4486,84,105.000000
3636,1,72.000000
3649,1,0.000000
3636,1,84.000000
7712,27,116.000000
7183,56,21.000000
3636,1,0.000000
7183,56,80.000000
3649,1,71.000000
3636,1,80.000000
7183,55,10.000000
3649,1,0.000000
3636,1,12.000000
7183,55,70.000000
7712,27,41.000000
3636,1,69.000000
727,16,90.000000
7712,27,31.000000
7183,55,60.000000
3649,1,50.000000
3636,1,74.000000
7712,27,43.000000
7712,28,41.000000
7183,55,51.000000
3649,1,51.000000
3636,1,73.000000
7183,55,20.000000
3649,1,0.000000
3636,1,77.000000
7712,28,10.000000
7183,55,60.000000
7183,55,60.000000
3649,1,20.000000
7183,57,70.000000
4486,83,20.000000
7712,28,76.000000
4486,83,100.000000
7183,57,80.000000
3649,1,63.000000
3636,1,33.000000
3636,1,10.000000
7183,56,10.000000
7712,28,31.000000
7183,56,71.000000
7183,56,71.000000
3636,1,50.000000
3649,1,53.000000
7712,28,0.000000
7183,56,51.000000
3636,1,56.000000
3649,1,10.000000
7712,28,50.000000
3649,1,52.000000
3636,1,22.000000
3636,1,61.000000
3649,1,20.000000
7183,56,31.000000
7712,28,51.000000
3649,1,72.000000
7183,56,60.000000
3636,1,71.000000
7183,57,40.000000
7712,28,30.000000
7183,57,60.000000
3649,1,20.000000
7712,28,40.000000
3636,1,20.000000
3649,1,0.000000
3636,1,55.000000
7183,57,20.000000
7183,57,30.000000
3636,1,55.000000
7712,28,42.000000
7183,57,40.000000
7712,28,31.000000
3636,1,10.000000
7183,57,60.000000
3649,1,10.000000
7712,28,32.000000
7183,57,50.000000
3636,1,31.000000
7712,28,21.000000
7183,57,60.000000
7712,28,71.000000
7183,57,40.000000
3636,1,62.000000
7712,28,20.000000
7183,57,10.000000
7712,28,20.000000
3636,1,22.000000
3636,1,20.000000
7712,28,118.000000
7183,57,20.000000
3636,1,71.000000
3636,1,34.000000
7183,57,41.000000
7712,28,0.000000
3636,1,33.000000
7183,57,50.000000
7712,28,40.000000
3636,1,14.000000
7183,57,20.000000
7712,28,30.000000
4486,83,77.000000
7183,57,50.000000
4486,83,91.000000
7712,28,63.000000
3636,1,63.000000
7183,57,50.000000
7712,28,18.000000
3636,1,72.000000
7183,57,50.000000
7712,28,10.000000
3636,1,34.000000
7183,57,20.000000
7712,28,20.000000
3636,1,63.000000
3636,1,75.000000
7183,57,30.000000
7183,58,90.000000
7183,58,20.000000
7712,28,20.000000
7183,58,60.000000
3636,1,31.000000
3649,1,20.000000
3636,1,78.000000
7712,28,113.000000
7183,58,10.000000
727,16,92.000000
7183,58,40.000000
3649,1,20.000000
3636,1,43.000000
7183,58,10.000000
3636,1,25.000000
7183,58,0.000000
7712,27,20.000000
7183,58,60.000000
7712,27,72.000000
7183,58,10.000000
3636,1,71.000000
7712,27,38.000000
7183,58,60.000000
4486,83,0.000000
4486,83,95.000000
3636,1,37.000000
3636,1,48.000000
4486,83,86.000000
7712,27,10.000000
7183,58,42.000000
3636,1,74.000000
3649,1,30.000000
7183,58,84.000000
7712,27,50.000000
3636,1,77.000000
7183,58,21.000000
3636,1,104.000000
3649,1,40.000000
7183,58,80.000000
7712,27,50.000000
7183,58,20.000000
3636,1,0.000000
3649,1,40.000000
7712,27,40.000000
7183,58,73.000000
3636,1,74.000000
7712,27,61.000000
3649,1,10.000000
7183,58,84.000000
3636,1,75.000000
3649,1,60.000000
727,16,90.000000
3636,1,75.000000
3649,1,0.000000
7183,58,60.000000
7712,27,10.000000
3649,1,61.000000
7712,27,66.000000
7183,58,61.000000
3636,1,75.000000
3649,1,62.000000
7183,58,60.000000
7712,27,10.000000
3636,1,70.000000
3649,1,60.000000
7712,27,30.000000
7183,57,40.000000
3636,1,10.000000
7712,27,31.000000
7183,57,40.000000
3636,1,0.000000
7712,27,0.000000
7183,57,40.000000
3636,1,51.000000
3636,1,0.000000
7712,27,10.000000
7183,57,40.000000
7712,27,62.000000
3636,1,0.000000
4486,82,0.000000
7183,57,60.000000
4486,84,96.000000
4486,1,93.000000
4486,1,93.000000
3649,1,21.000000
3636,1,24.000000
3636,1,50.000000
7712,27,104.000000
7183,57,10.000000
3636,1,61.000000
3649,1,10.000000
7183,57,50.000000
3636,1,40.000000
7712,27,20.000000
7183,57,30.000000
7712,27,20.000000
7183,57,30.000000
7712,27,50.000000
3636,1,44.000000
3636,1,78.000000
7183,57,20.000000
7183,57,10.000000
7712,27,83.000000
3636,1,76.000000
7183,56,0.000000
7712,27,41.000000
3636,1,0.000000
7183,56,60.000000
7712,27,88.000000
7183,56,30.000000
7712,27,30.000000
7183,56,50.000000
7712,27,20.000000
7183,56,40.000000
3636,1,43.000000
7712,27,40.000000
7183,56,50.000000
7712,27,20.000000
3636,1,53.000000
7183,56,10.000000
3636,1,13.000000
7712,27,13.000000
7183,56,42.000000
3636,1,86.000000
3649,1,52.000000
7712,27,40.000000
7183,56,82.000000
7183,56,32.000000
3636,1,81.000000
7712,27,50.000000
3649,1,20.000000
7183,56,70.000000
7712,27,61.000000
7712,29,30.000000
3636,1,11.000000
4486,1,20.000000
7712,29,30.000000
3649,1,0.000000
3636,1,76.000000
7183,56,70.000000
7712,29,61.000000
7183,56,20.000000
7183,56,20.000000
3636,1,13.000000
3649,1,22.000000
7183,56,71.000000
3636,1,60.000000
7712,29,0.000000
7183,56,70.000000
3636,1,70.000000
3649,1,54.000000
7712,29,42.000000
7712,29,94.000000
7183,56,50.000000
7183,56,60.000000
3636,1,86.000000
3649,1,60.000000
7712,29,50.000000
7183,56,71.000000
3636,1,70.000000
3649,1,30.000000
7712,29,40.000000
7183,56,20.000000
7712,29,41.000000
3649,1,10.000000
3636,1,48.000000
7183,56,73.000000
3649,1,71.000000
3636,1,50.000000
7712,29,20.000000
7712,29,120.000000
7183,56,60.000000
3636,1,50.000000
3649,1,20.000000
7183,56,60.000000
7712,29,30.000000
3636,1,0.000000
7183,56,50.000000
7712,29,31.000000
3636,1,22.000000
7183,56,30.000000
7183,56,20.000000
7712,29,20.000000
3636,1,46.000000
7183,56,40.000000
7712,29,43.000000
7183,56,60.000000
7712,29,30.000000
7183,56,10.000000
7712,29,41.000000
727,16,90.000000
3636,1,37.000000
7712,29,0.000000
3636,1,0.000000
7183,56,30.000000
7712,29,21.000000
3636,1,30.000000
7183,56,30.000000
3636,1,33.000000
7183,56,30.000000
3649,1,33.000000
7712,29,20.000000
3636,1,60.000000
7183,56,60.000000
3649,1,52.000000
7712,29,0.000000
7183,56,0.000000
7712,29,0.000000
7183,56,0.000000
4486,1,30.000000
3636,1,0.000000
7183,56,20.000000
3649,1,10.000000
4486,1,50.000000
7712,29,0.000000
3636,1,52.000000
7712,29,26.000000
3636,1,10.000000
7183,56,10.000000
3636,1,80.000000
7712,29,21.000000
7183,56,50.000000
7712,29,64.000000
7183,56,50.000000
3636,1,30.000000
7183,56,0.000000
3636,1,77.000000
3649,1,21.000000
7712,29,51.000000
3636,1,72.000000
7183,56,40.000000
7183,57,84.000000
4486,1,97.000000
7712,29,0.000000
3636,1,90.000000
7183,57,10.000000
7183,57,30.000000
727,16,91.000000
3636,1,44.000000
7712,29,62.000000
3636,1,0.000000
7183,57,0.000000
3636,1,40.000000
3636,1,21.000000
7712,29,37.000000
7183,57,70.000000
3636,1,80.000000
7712,29,0.000000
7183,57,10.000000
7183,57,10.000000
3636,1,30.000000
7712,28,32.000000
7183,57,50.000000
3636,1,33.000000
7712,28,20.000000
7183,57,50.000000
4486,1,30.000000
4486,1,30.000000
4486,1,31.000000
4486,1,33.000000
4486,1,33.000000
4486,1,90.000000
4486,1,90.000000
7183,57,30.000000
7183,57,30.000000
3636,1,10.000000
4486,1,10.000000
7183,57,10.000000
3636,1,0.000000
727,16,93.000000
7183,57,40.000000
7183,57,0.000000
3649,1,53.000000
3636,1,70.000000
7183,57,50.000000
3636,1,50.000000
7183,57,50.000000
3649,1,33.000000
3649,1,11.000000
7183,57,50.000000
3636,1,77.000000
3636,1,10.000000
3649,1,10.000000
7183,57,10.000000
3636,1,38.000000
3649,1,20.000000
3649,1,34.000000
3636,1,24.000000
4486,2,93.000000
7183,57,10.000000
7712,26,0.000000
3636,1,20.000000
7183,57,20.000000
3649,1,55.000000
3636,1,60.000000
7712,26,20.000000
3636,1,40.000000
7183,57,10.000000
3649,1,30.000000
3636,1,75.000000
7712,26,10.000000
7183,57,50.000000
3636,1,10.000000
7712,26,0.000000
7183,57,20.000000
3636,1,32.000000
7712,27,10.000000
7183,57,30.000000
3636,1,24.000000
7712,27,20.000000
7183,56,60.000000
3636,1,49.000000
7712,27,20.000000
3649,1,0.000000
7183,56,40.000000
3636,1,50.000000
7712,27,30.000000
727,16,90.000000
7183,56,30.000000
7712,27,20.000000
7712,27,73.000000
7183,56,55.000000
3636,1,47.000000
3649,1,10.000000
7183,56,30.000000
7183,56,42.000000
3636,1,70.000000
7712,27,20.000000
3649,1,10.000000
7712,27,50.000000
4486,2,63.000000
4486,3,110.000000
7712,28,87.000000
7183,56,70.000000
3636,1,70.000000
3649,1,40.000000
3636,1,0.000000
7183,56,72.000000
7712,28,20.000000
3649,1,50.000000
3636,1,74.000000
7712,28,20.000000
7183,56,40.000000
3649,1,0.000000
3636,1,10.000000
7712,28,30.000000
7183,56,40.000000
4486,3,79.000000
3649,1,0.000000
3636,1,10.000000
7712,28,52.000000
7183,56,60.000000
7183,56,60.000000
3636,1,20.000000
7712,28,10.000000
7183,56,10.000000
3636,1,26.000000
7712,28,0.000000
7183,56,10.000000
3636,1,11.000000
7183,56,30.000000
7183,56,10.000000
3636,1,0.000000
7183,56,30.000000
7183,56,0.000000
3636,1,20.000000
7183,56,20.000000
3636,1,50.000000
7183,56,20.000000
7183,56,50.000000
3636,1,57.000000
7183,56,52.000000
3636,1,62.000000
7712,28,0.000000
3649,1,22.000000
7183,56,60.000000
7712,28,20.000000
3636,1,41.000000
3636,1,57.000000
7183,56,50.000000
7712,28,20.000000
4486,3,0.000000
4486,3,90.000000
3636,1,76.000000
3649,1,62.000000
7183,56,10.000000
4926,16,93.000000
7183,56,40.000000
7183,56,30.000000
7712,28,20.000000
7183,56,40.000000
7712,28,10.000000
7183,56,40.000000
7712,28,0.000000
7183,56,30.000000
3636,1,0.000000
7712,28,30.000000
7183,56,40.000000
3636,1,10.000000
7183,56,0.000000
7183,57,34.000000
3636,1,0.000000
7712,28,40.000000
3636,1,36.000000
7183,57,50.000000
7183,57,50.000000
7183,57,40.000000
3636,1,76.000000
7183,57,50.000000
3636,1,31.000000
4486,4,62.000000
4486,4,91.000000
4486,4,13.000000
7183,57,30.000000
3636,1,0.000000
4486,4,97.000000
7183,57,40.000000
7712,25,30.000000
3649,1,40.000000
3636,1,42.000000
3636,1,0.000000
7183,57,30.000000
7712,25,10.000000
3649,1,10.000000
7183,57,30.000000
7712,25,20.000000
3636,1,40.000000
7712,25,80.000000
7183,57,72.000000
3649,1,40.000000
3636,1,32.000000
7183,57,30.000000
3649,1,0.000000
3636,1,35.000000
7183,57,0.000000
7712,25,20.000000
7183,57,20.000000
3636,1,79.000000
727,16,92.000000
3636,1,65.000000
7183,57,10.000000
7183,57,0.000000
4486,4,0.000000
3636,1,30.000000
3636,1,79.000000
7712,25,0.000000
7183,57,30.000000
7712,25,20.000000
7183,57,40.000000
3636,1,60.000000
7712,25,10.000000
7183,57,30.000000
3636,1,66.000000
7712,25,0.000000
7183,57,30.000000
3636,1,74.000000
7712,25,10.000000
7183,57,20.000000
7183,57,20.000000
4486,4,10.000000
3636,1,13.000000
7712,25,0.000000
7183,57,10.000000
7712,25,31.000000
7183,57,30.000000
7712,25,50.000000
3636,1,20.000000
7183,57,40.000000
3636,1,47.000000
7712,25,80.000000
4486,4,0.000000
4486,4,92.000000
4486,4,92.000000
7183,57,0.000000
3636,1,88.000000
3649,1,0.000000
7183,57,50.000000
7183,57,20.000000
7712,25,10.000000
7183,57,40.000000
7712,26,89.000000
7183,57,60.000000
3636,1,0.000000
7712,27,70.000000
3636,1,53.000000
7183,57,71.000000
7712,27,102.000000
7183,57,20.000000
3636,1,80.000000
3636,1,10.000000
7183,57,0.000000
7712,27,0.000000
7183,56,40.000000
7712,27,61.000000
3636,1,77.000000
7183,56,40.000000
3649,1,10.000000
7712,27,20.000000
7183,56,40.000000
7712,27,34.000000
7183,56,80.000000
3649,1,41.000000
3636,1,74.000000
727,16,92.000000
7183,56,60.000000
3649,1,52.000000
3636,1,70.000000
3636,1,0.000000
7183,56,20.000000
3636,1,47.000000
3649,1,21.000000
7712,27,40.000000
7183,56,30.000000
3636,1,49.000000
4486,2,0.000000
4486,2,0.000000
4486,2,90.000000
7712,29,31.000000
7183,56,41.000000
3649,1,55.000000
3636,1,85.000000
7712,29,51.000000
7183,56,20.000000
7712,29,55.000000
7183,56,50.000000
3636,1,10.000000
3649,1,61.000000
3636,1,67.000000
7712,29,20.000000
7183,56,30.000000
7712,29,10.000000
3636,1,0.000000
7183,56,20.000000
7712,29,20.000000
7183,56,41.000000
3636,1,11.000000
3649,1,40.000000
3636,1,64.000000
7183,56,70.000000
7712,29,40.000000
3636,1,23.000000
7183,56,31.000000
3649,1,52.000000
3636,1,60.000000
7712,29,10.000000
7183,56,40.000000
7183,56,30.000000
3636,1,28.000000
3636,1,35.000000
3649,1,10.000000
7183,56,10.000000
7712,29,60.000000
3649,1,42.000000
3636,1,71.000000
7183,56,72.000000
3636,1,54.000000
727,16,92.000000
7183,56,10.000000
3636,1,74.000000
7712,29,30.000000
3649,1,31.000000
7183,56,73.000000
7712,29,102.000000
7183,56,30.000000
3636,1,54.000000
7712,29,20.000000
3636,1,50.000000
7712,29,40.000000
4486,2,0.000000
4486,2,101.000000
4486,2,107.000000
7183,56,20.000000
7712,29,0.000000
3636,1,83.000000
7183,56,20.000000
7712,29,20.000000
3636,1,67.000000
7183,56,10.000000
7712,29,0.000000
7183,56,30.000000
3636,1,22.000000
7183,56,30.000000
3636,1,12.000000
7183,57,109.000000
7183,57,10.000000
7712,29,20.000000
7183,57,40.000000
7712,29,0.000000
7183,57,20.000000
3636,1,29.000000
727,16,90.000000
7712,29,30.000000
3649,1,0.000000
7183,57,60.000000
3636,1,42.000000
3636,1,77.000000
3636,1,70.000000
3636,1,69.000000
3649,1,0.000000
3636,1,81.000000
7183,57,20.000000
3636,1,58.000000
3649,1,20.000000
3636,1,71.000000
3636,1,0.000000
3649,1,20.000000
7183,57,51.000000
3636,1,62.000000
3636,1,60.000000
4486,2,68.000000
4486,3,91.000000
3636,1,56.000000
7183,57,20.000000
3649,1,30.000000
3636,1,39.000000
3636,1,13.000000
3636,1,79.000000
3636,1,49.000000
7712,27,30.000000
3636,1,76.000000
7183,57,10.000000
7183,57,40.000000
7712,27,38.000000
3636,1,20.000000
7183,57,20.000000
3636,1,0.000000
7183,57,0.000000
7183,57,0.000000
3636,1,33.000000
7183,57,40.000000
7712,27,10.000000
3636,1,52.000000
3649,1,0.000000
7712,27,83.000000
7183,57,40.000000
7183,57,0.000000
7712,27,43.000000
7183,57,50.000000
3636,1,0.000000
7712,27,60.000000
3636,1,60.000000
7183,57,50.000000
3649,1,30.000000
3649,1,0.000000
7183,57,0.000000
3636,1,65.000000
7183,57,50.000000
3649,1,30.000000
7712,27,10.000000
3636,1,27.000000
7712,27,0.000000
7183,57,10.000000
7712,27,10.000000
7183,57,30.000000
7712,27,77.000000
7183,57,40.000000
7183,57,40.000000
3636,1,0.000000
7183,57,10.000000
3636,1,79.000000
3649,1,50.000000
7183,57,0.000000
3636,1,52.000000
7183,57,60.000000
3649,1,44.000000
7712,27,20.000000
3636,1,49.000000
7712,27,0.000000
7183,57,20.000000
4486,3,10.000000
4486,3,98.000000
7712,27,41.000000
7183,57,50.000000
3636,1,12.000000
3649,1,0.000000
3636,1,95.000000
7183,57,70.000000
3649,1,54.000000
7712,27,41.000000
3636,1,81.000000
7183,57,10.000000
3636,1,64.000000
3636,1,58.000000
7712,27,20.000000
7183,57,40.000000
3636,1,29.000000
7183,57,41.000000
3636,1,65.000000
3649,1,30.000000
7712,28,37.000000
4486,3,10.000000
4486,3,115.000000
7712,28,34.000000
4486,3,27.000000
7183,55,40.000000
7712,28,20.000000
7183,55,40.000000
7712,28,10.000000
3636,1,46.000000
7183,55,30.000000
7712,28,0.000000
3636,1,30.000000
7183,55,20.000000
7712,28,20.000000
7183,55,61.000000
3636,1,46.000000
3649,1,40.000000
7712,28,30.000000
7183,55,20.000000
3636,1,14.000000
7712,28,20.000000
7183,55,60.000000
3636,1,51.000000
3636,1,78.000000
7183,55,0.000000
7183,55,0.000000
7183,55,70.000000
3649,1,20.000000
7712,28,10.000000
3636,1,59.000000
7183,55,60.000000
3636,1,0.000000
3636,1,78.000000
4486,3,10.000000
4486,3,10.000000
4486,3,10.000000
4486,3,10.000000
4486,3,95.000000
7712,28,10.000000
3636,1,31.000000
7183,55,50.000000
7183,55,20.000000
7183,55,50.000000
3636,1,30.000000
7183,56,94.000000
727,16,91.000000
3636,1,89.000000
10340,5,34.000000
7183,56,10.000000
3636,1,90.000000
7183,56,30.000000
4486,3,10.000000
4486,3,104.000000
4486,3,101.000000
4486,3,10.000000
4486,3,96.000000
4486,3,157.000000
727,16,90.000000
4486,3,122.000000
4486,3,158.000000
7183,55,70.000000
3636,1,20.000000
7712,28,10.000000
7183,54,40.000000
3636,1,20.000000
7712,28,20.000000
7712,28,60.000000
7183,55,42.000000
3636,1,27.000000
3649,1,50.000000
7183,55,70.000000
3636,1,63.000000
7183,56,20.000000
3636,1,23.000000
3649,1,32.000000
7183,55,70.000000
3636,1,73.000000
3636,1,0.000000
7183,55,50.000000
3636,1,50.000000
7712,28,10.000000
7183,56,70.000000
3636,1,35.000000
727,16,93.000000
7712,28,42.000000
3649,1,64.000000
3636,1,74.000000
7183,56,40.000000
7712,28,30.000000
7183,56,62.000000
7183,56,62.000000
3636,1,37.000000
7712,28,54.000000
3649,1,66.000000
3636,1,82.000000
7183,56,20.000000
7183,56,20.000000
7712,28,10.000000
7183,56,50.000000
3636,1,0.000000
7712,28,20.000000
7183,56,10.000000
7183,56,10.000000
7712,28,26.000000
3636,1,78.000000
7183,56,70.000000
7712,28,50.000000
3649,1,64.000000
3636,1,84.000000
7183,56,60.000000
3649,1,50.000000
7712,28,104.000000
7183,56,60.000000
3636,1,45.000000
3649,1,63.000000
3636,1,62.000000
7183,56,50.000000
3636,1,74.000000
7183,56,50.000000
3649,1,67.000000
7712,28,40.000000
3636,1,41.000000
4486,3,10.000000
3636,1,44.000000
7183,56,30.000000
4486,3,30.000000
7183,56,60.000000
7712,28,31.000000
7183,56,20.000000
7712,28,10.000000
7183,56,30.000000
7183,56,50.000000
7712,28,20.000000
3636,1,66.000000
7183,56,50.000000
7712,28,40.000000
3649,1,21.000000
7183,56,90.000000
3636,1,85.000000
7712,28,0.000000
7183,56,60.000000
7712,28,41.000000
3649,1,50.000000
3636,1,30.000000
727,16,92.000000
3636,1,84.000000
7183,56,50.000000
7712,28,41.000000
7183,56,10.000000
7183,56,31.000000
7712,28,10.000000
7712,28,20.000000
7183,56,20.000000
7183,56,30.000000
3636,1,81.000000
7183,56,0.000000
3649,1,21.000000
7712,28,71.000000
7183,56,60.000000
3636,1,0.000000
7183,56,20.000000
3636,1,20.000000
3649,1,0.000000
7183,56,50.000000
7712,28,32.000000
3636,1,50.000000
3649,1,31.000000
7183,56,0.000000
3636,1,50.000000
3649,1,0.000000
7712,26,10.000000
7183,56,20.000000
4486,3,10.000000
4486,3,10.000000
4486,3,158.000000
3649,1,10.000000
7712,26,40.000000
7183,56,40.000000
3636,1,22.000000
7183,56,10.000000
7712,26,0.000000
3649,1,21.000000
3636,1,21.000000
7183,56,0.000000
3636,1,42.000000
7183,56,0.000000
7712,26,80.000000
7183,56,85.000000
3649,1,22.000000
3636,1,68.000000
3649,1,54.000000
3636,1,82.000000
7183,56,60.000000
7712,26,20.000000
3649,1,60.000000
3636,1,55.000000
7183,56,51.000000
7712,26,20.000000
3649,1,66.000000
4486,3,122.000000
7183,56,10.000000
3636,1,13.000000
7712,26,82.000000
3649,1,22.000000
7183,56,71.000000
3636,1,73.000000
3649,1,61.000000
7183,56,30.000000
7712,26,10.000000
3636,1,50.000000
3649,1,50.000000
7183,56,72.000000
7712,26,30.000000
7183,56,40.000000
3636,1,71.000000
3649,1,50.000000
7183,56,60.000000
7712,26,30.000000
7183,56,30.000000
7712,26,10.000000
7712,26,64.000000
7183,56,60.000000
3636,1,11.000000
727,16,90.000000
727,16,90.000000
727,16,90.000000
727,16,91.000000
727,16,91.000000
3636,1,33.000000
7712,26,55.000000
7183,56,20.000000
3636,1,0.000000
7183,56,0.000000
3636,1,0.000000
7712,26,10.000000
7183,56,30.000000
3636,1,20.000000
7183,56,0.000000
7712,26,52.000000
7183,56,30.000000
7712,26,20.000000
7183,56,40.000000
3636,1,40.000000
7712,26,40.000000
7183,56,40.000000
3636,1,51.000000
7712,26,44.000000
7183,56,30.000000
4486,3,108.000000
7712,26,70.000000
4486,2,116.000000
7712,26,62.000000
7183,55,65.000000
7183,55,65.000000
3636,1,0.000000
3636,1,60.000000
7183,55,20.000000
3636,1,20.000000
7183,55,10.000000
3636,1,41.000000
7712,26,99.000000
7183,55,0.000000
7183,55,40.000000
7183,55,70.000000
7712,26,20.000000
3636,1,11.000000
7712,26,60.000000
3649,1,10.000000
7183,55,50.000000
3636,1,20.000000
7712,26,70.000000
7183,55,0.000000
3649,1,0.000000
7183,55,81.000000
3636,1,71.000000
3636,1,24.000000
7183,54,74.000000
3649,1,20.000000
7712,26,20.000000
3636,1,67.000000
3649,1,40.000000
7712,26,50.000000
7183,54,73.000000
3636,1,73.000000
3649,1,41.000000
727,16,91.000000
3636,1,30.000000
3649,1,10.000000
7183,54,51.000000
7712,26,0.000000
3649,1,60.000000
3636,1,81.000000
7712,26,56.000000
7183,54,50.000000
7183,54,0.000000
7712,26,62.000000
7183,54,70.000000
3649,1,10.000000
3636,1,21.000000
7712,26,20.000000
7183,54,40.000000
7712,26,51.000000
7183,54,50.000000
7712,26,40.000000
3649,1,0.000000
7183,54,50.000000
3636,1,38.000000
7712,26,40.000000
3649,1,11.000000
3636,1,53.000000
7183,54,50.000000
3636,1,32.000000
4486,2,82.000000
3636,1,24.000000
7183,54,0.000000
4486,2,188.000000
7712,26,10.000000
7183,54,30.000000
3636,1,13.000000
3649,1,31.000000
7712,26,20.000000
7183,54,30.000000
7712,26,50.000000
7183,54,50.000000
7183,54,50.000000
7712,26,31.000000
7183,54,50.000000
7712,26,21.000000
7183,54,50.000000
3636,1,36.000000
7712,26,30.000000
7183,54,50.000000
7712,26,20.000000
7183,54,50.000000
7712,26,51.000000
7183,54,50.000000
4486,2,31.000000
3636,1,20.000000
7183,54,20.000000
7712,26,30.000000
7183,54,50.000000
3636,1,20.000000
7712,26,53.000000
7183,54,71.000000
3636,1,46.000000
3649,1,31.000000
7712,26,10.000000
7183,54,30.000000
3636,1,54.000000
3636,1,75.000000
7183,54,60.000000
3649,1,41.000000
7712,26,10.000000
3636,1,54.000000
727,16,90.000000
7183,54,0.000000
7712,26,0.000000
7183,54,70.000000
7712,26,40.000000
3636,1,37.000000
7183,54,40.000000
7183,54,40.000000
3636,1,11.000000
7183,54,40.000000
7712,26,0.000000
3636,1,73.000000
7183,54,0.000000
3649,1,0.000000
4486,2,122.000000
7183,54,20.000000
4486,2,176.000000
3649,1,31.000000
3636,1,25.000000
7712,26,30.000000
7183,54,0.000000
7712,26,62.000000
3636,1,34.000000
7183,54,83.000000
3649,1,60.000000
3636,1,44.000000
7183,54,70.000000
7712,26,31.000000
3649,1,51.000000
3636,1,69.000000
4486,2,137.000000
7183,55,97.000000
727,16,90.000000
7183,55,20.000000
7712,26,0.000000
3636,1,12.000000
3649,1,62.000000
7183,55,70.000000
7183,55,70.000000
7183,55,70.000000
3636,1,60.000000
7712,26,52.000000
3636,1,11.000000
7183,55,10.000000
3649,1,61.000000
7183,55,60.000000
3636,1,73.000000
7712,26,41.000000
7183,55,73.000000
7712,26,62.000000
3649,1,10.000000
3636,1,77.000000
3649,1,62.000000
7183,55,60.000000
3649,1,0.000000
3636,1,73.000000
7712,26,20.000000
3649,1,54.000000
4486,2,20.000000
4486,2,251.000000
4926,15,34.000000
7183,55,50.000000
3636,1,76.000000
3649,1,0.000000
7712,25,62.000000
3649,1,61.000000
7183,55,60.000000
7712,25,73.000000
3636,1,89.000000
3649,1,0.000000
3649,1,62.000000
4486,2,130.000000
7183,55,60.000000
3649,1,10.000000
3636,1,64.000000
7712,25,50.000000
4486,2,133.000000
3649,1,79.000000
7712,25,40.000000
7183,55,30.000000
3636,1,35.000000
3649,1,51.000000
7183,55,74.000000
3636,1,51.000000
7183,55,10.000000
3649,1,54.000000
7183,55,70.000000
7712,25,52.000000
3636,1,78.000000
7183,55,30.000000
7712,25,31.000000
7712,25,64.000000
3636,1,43.000000
7183,55,20.000000
7712,25,10.000000
3636,1,10.000000
7712,25,10.000000
7183,55,10.000000
3636,1,0.000000
7183,55,20.000000
7712,26,10.000000
3636,1,70.000000
7712,26,30.000000
7183,55,40.000000
3636,1,0.000000
7712,26,20.000000
7183,55,30.000000
7183,55,20.000000
727,16,91.000000
727,16,92.000000
7183,54,60.000000
7712,26,0.000000
3649,1,0.000000
3636,1,12.000000
7183,54,60.000000
7712,26,20.000000
3636,1,12.000000
3649,1,71.000000
3636,1,73.000000
7183,54,50.000000
3636,1,99.000000
3649,1,60.000000
7712,26,60.000000
7183,54,70.000000
3636,1,78.000000
3649,1,61.000000
7712,26,50.000000
7183,54,50.000000
7183,54,33.000000
3636,1,73.000000
3649,1,51.000000
7712,26,70.000000
7183,54,73.000000
3636,1,54.000000
7712,26,63.000000
3649,1,20.000000
7183,54,71.000000
3649,1,23.000000
3636,1,36.000000
7712,26,51.000000
7183,54,70.000000
4486,2,60.000000
4486,2,60.000000
3636,1,56.000000
3649,1,40.000000
7712,26,61.000000
4486,3,91.000000
7183,54,60.000000
7183,54,30.000000
7712,26,64.000000
7183,54,60.000000
3636,1,0.000000
7183,54,0.000000
7712,26,30.000000
7183,54,50.000000
7183,54,50.000000
7712,26,30.000000
7183,54,51.000000
7712,26,50.000000
7183,54,50.000000
3636,1,50.000000
7712,26,44.000000
7183,54,60.000000
7712,26,90.000000
7712,26,51.000000
7183,54,0.000000
7183,54,60.000000
7712,26,51.000000
7183,54,30.000000
7712,26,52.000000
3636,1,30.000000
7183,54,50.000000
3649,1,20.000000
3636,1,57.000000
7712,26,53.000000
3636,1,70.000000
7183,54,50.000000
7712,26,0.000000
3636,1,0.000000
3649,1,0.000000
3636,1,69.000000
7183,54,40.000000
7712,26,69.000000
3649,1,10.000000
3636,1,71.000000
3636,1,78.000000
7712,26,20.000000
7183,54,20.000000
3636,1,45.000000
3649,1,0.000000
7712,26,20.000000
7183,54,30.000000
3649,1,20.000000
3636,1,60.000000
7712,26,30.000000
7183,54,10.000000
3636,1,0.000000
4486,3,20.000000
4486,3,143.000000
7183,54,20.000000
7712,26,20.000000
3636,1,21.000000
3649,1,0.000000
7183,54,40.000000
3636,1,51.000000
7712,26,20.000000
3649,1,21.000000
3636,1,23.000000
3636,1,0.000000
3636,1,49.000000
3636,1,32.000000
7183,54,30.000000
3636,1,21.000000
7183,54,10.000000
7183,55,70.000000
7712,26,10.000000
7712,26,0.000000
7183,55,20.000000
7712,26,10.000000
3636,1,39.000000
7183,55,40.000000
7712,26,106.000000
3649,1,30.000000
3636,1,11.000000
7183,55,0.000000
7712,26,30.000000
7183,55,40.000000
7712,26,59.000000
7183,55,72.000000
3636,1,40.000000
3636,1,80.000000
7712,26,70.000000
7183,55,10.000000
7183,55,0.000000
3636,1,40.000000
7712,26,0.000000
7183,55,40.000000
3636,1,58.000000
4486,3,20.000000
7712,26,10.000000
7183,55,40.000000
7712,26,50.000000
4486,3,0.000000
7183,55,30.000000
3636,1,70.000000
7712,26,30.000000
7183,55,40.000000
7183,55,40.000000
7712,26,30.000000
7183,55,40.000000
4486,3,153.000000
7183,55,40.000000
3636,1,40.000000
3636,1,11.000000
3649,1,10.000000
7712,26,10.000000
7183,55,50.000000
7712,26,42.000000
3636,1,0.000000
7183,55,70.000000
3636,1,80.000000
3649,1,51.000000
7183,55,62.000000
3649,1,60.000000
3636,1,61.000000
7183,55,50.000000
3636,1,36.000000
7712,26,52.000000
3649,1,21.000000
3636,1,60.000000
7183,55,30.000000
7712,26,33.000000
7183,55,51.000000
3636,1,21.000000
3649,1,20.000000
7712,26,31.000000
7183,55,60.000000
3636,1,73.000000
3649,1,33.000000
7712,26,20.000000
3636,1,59.000000
7183,55,30.000000
7712,26,10.000000
7183,55,20.000000
7712,26,60.000000
3636,1,0.000000
3649,1,0.000000
7183,55,70.000000
3636,1,61.000000
3649,1,60.000000
3636,1,11.000000
7712,26,41.000000
7183,55,73.000000
3649,1,61.000000
3636,1,90.000000
7712,26,20.000000
7183,55,30.000000
7712,26,30.000000
7183,55,70.000000
3649,1,65.000000
3636,1,83.000000
7712,26,54.000000
7183,55,20.000000
7712,26,30.000000
7712,26,0.000000
3636,1,0.000000
4486,3,20.000000
4486,3,120.000000
3636,1,12.000000
7183,55,10.000000
7183,55,30.000000
7712,26,65.000000
7183,55,86.000000
3649,1,0.000000
3636,1,71.000000
3636,1,11.000000
7183,55,70.000000
3649,1,0.000000
7712,26,10.000000
3636,1,75.000000
7712,26,0.000000
7183,55,70.000000
3636,1,75.000000
3649,1,64.000000
7712,26,41.000000
7183,54,30.000000
7712,26,87.000000
7183,54,61.000000
3649,1,61.000000
3636,1,70.000000
727,16,92.000000
7712,26,51.000000
7183,54,0.000000
7712,26,20.000000
7183,54,30.000000
3636,1,30.000000
3649,1,0.000000
7712,26,0.000000
7183,54,20.000000
7712,26,20.000000
7183,54,40.000000
3636,1,11.000000
7183,54,0.000000
7712,26,20.000000
7183,54,40.000000
7712,26,50.000000
7183,54,40.000000
7183,54,0.000000
7712,26,10.000000
7183,54,62.000000
3636,1,22.000000
3649,1,60.000000
3636,1,51.000000
7183,54,40.000000
3649,1,33.000000
3636,1,73.000000
7712,26,20.000000
4486,3,20.000000
7183,54,30.000000
4486,3,280.000000
7712,26,32.000000
3649,1,20.000000
3636,1,52.000000
7183,54,50.000000
7183,54,10.000000
7712,26,20.000000
7712,26,80.000000
7183,54,60.000000
3636,1,11.000000
3649,1,31.000000
3636,1,41.000000
7183,54,40.000000
3636,1,58.000000
7183,54,40.000000
7712,27,50.000000
3649,1,30.000000
3636,1,49.000000
7183,54,62.000000
3649,1,30.000000
7712,27,0.000000
3636,1,42.000000
7183,54,30.000000
3636,1,68.000000
7183,54,20.000000
7712,27,20.000000
3636,1,53.000000
7183,54,50.000000
3649,1,30.000000
7712,27,30.000000
3636,1,66.000000
7712,27,63.000000
3636,1,22.000000
7183,54,20.000000
7712,27,20.000000
3636,1,50.000000
7183,54,50.000000
7712,27,10.000000
7183,54,30.000000
7712,27,30.000000
3636,1,22.000000
3636,1,11.000000
7183,54,0.000000
3636,1,22.000000
727,16,90.000000
3649,1,0.000000
3636,1,89.000000
3649,1,80.000000
3649,1,67.000000
3636,1,26.000000
7183,54,20.000000
3636,1,76.000000
3636,1,22.000000
7183,54,40.000000
3649,1,31.000000
7712,27,10.000000
3636,1,53.000000
3636,1,55.000000
7183,54,0.000000
4486,3,20.000000
7712,27,90.000000
7183,54,50.000000
7712,27,10.000000
7183,54,30.000000
7183,54,60.000000
7712,27,30.000000
3636,1,75.000000
3649,1,31.000000
7712,27,20.000000
7183,54,10.000000
3636,1,37.000000
7712,27,0.000000
7183,54,10.000000
3636,1,10.000000
7712,27,50.000000
7183,54,50.000000
7712,27,90.000000
3636,1,14.000000
7183,54,40.000000
7183,54,20.000000
7712,27,0.000000
3636,1,37.000000
7712,27,30.000000
7183,54,30.000000
7183,54,10.000000
3636,1,0.000000
3649,1,10.000000
3636,1,76.000000
7712,27,82.000000
7183,54,50.000000
7183,55,48.000000
7712,27,20.000000
7183,55,40.000000
7712,27,30.000000
7183,55,10.000000
3636,1,0.000000
3649,1,0.000000
3636,1,28.000000
7183,55,0.000000
3636,1,86.000000
3649,1,10.000000
7712,27,40.000000
3636,1,50.000000
7183,55,20.000000
3649,1,0.000000
3649,1,43.000000
3636,1,0.000000
7183,55,70.000000
7712,27,31.000000
7712,27,31.000000
3649,1,10.000000
3636,1,35.000000
7712,27,10.000000
7183,55,40.000000
3636,1,30.000000
4486,3,20.000000
4486,3,20.000000
4486,3,216.000000
4486,3,0.000000
7183,55,40.000000
3636,1,31.000000
7712,26,40.000000
7183,55,40.000000
7183,55,40.000000
3636,1,35.000000
3649,1,51.000000
7183,55,40.000000
3649,1,0.000000
7183,55,41.000000
3636,1,60.000000
3649,1,30.000000
7712,26,30.000000
7183,55,60.000000
7183,55,50.000000
3636,1,66.000000
3649,1,30.000000
7712,26,20.000000
7183,55,60.000000
3636,1,71.000000
3649,1,20.000000
7183,55,50.000000
3636,1,59.000000
3649,1,20.000000
7183,55,40.000000
7712,26,10.000000
3636,1,0.000000
7183,55,30.000000
7712,26,20.000000
3649,1,0.000000
3636,1,21.000000
7183,55,70.000000
7712,26,50.000000
7183,55,50.000000
3636,1,0.000000
7712,26,42.000000
7183,55,60.000000
7712,26,51.000000
3649,1,10.000000
3636,1,30.000000
7183,55,30.000000
7712,26,30.000000
3636,1,42.000000
3649,1,40.000000
4486,3,20.000000
4486,3,21.000000
4486,3,150.000000
7183,55,43.000000
7712,25,60.000000
3636,1,77.000000
3649,1,60.000000
7183,55,82.000000
7183,55,53.000000
3649,1,60.000000
7712,25,38.000000
3636,1,71.000000
7183,55,70.000000
7183,55,42.000000
7712,25,40.000000
3636,1,80.000000
3649,1,54.000000
7183,55,81.000000
7712,25,25.000000
3636,1,34.000000
3649,1,20.000000
7183,55,82.000000
7712,25,52.000000
3636,1,61.000000
3649,1,50.000000
3636,1,59.000000
3649,1,21.000000
7183,55,72.000000
7712,25,41.000000
7712,25,41.000000
3636,1,31.000000
7183,54,20.000000
3649,1,69.000000
7183,54,10.000000
7183,54,10.000000
7712,25,50.000000
7183,54,70.000000
3649,1,10.000000
3636,1,40.000000
7712,25,32.000000
7183,54,50.000000
3649,1,30.000000
7712,25,41.000000
7183,54,61.000000
3636,1,41.000000
4486,3,20.000000
3649,1,33.000000
7712,25,10.000000
7183,54,40.000000
7712,25,10.000000
7183,54,40.000000
7183,54,40.000000
7712,25,51.000000
7183,54,60.000000
7183,54,20.000000
7712,25,20.000000
3636,1,58.000000
7183,54,40.000000
3649,1,52.000000
7712,25,52.000000
7183,54,60.000000
3636,1,67.000000
7183,54,40.000000
3636,1,30.000000
7712,25,30.000000
3636,1,46.000000
777,1,144.000000
7183,54,40.000000
7183,54,40.000000
3636,1,26.000000
3636,1,34.000000
7183,54,30.000000
7712,25,40.000000
7183,54,60.000000
3636,1,0.000000
3636,1,78.000000
7183,54,30.000000
3636,1,90.000000
3649,1,10.000000
7183,54,20.000000
727,16,92.000000
7183,54,30.000000
3636,1,20.000000
3636,1,63.000000
7183,54,40.000000
7712,25,20.000000
7183,54,61.000000
7712,25,41.000000
7183,54,60.000000
7712,25,31.000000
3636,1,11.000000
7183,54,50.000000
7183,54,50.000000
7712,25,40.000000
3636,1,32.000000
7183,54,30.000000
7712,25,30.000000
7183,54,30.000000
7712,26,20.000000
7183,54,40.000000
7712,26,20.000000
3636,1,41.000000
3649,1,0.000000
7183,54,71.000000
3649,1,51.000000
4486,3,20.000000
3636,1,33.000000
7183,54,60.000000
7712,26,41.000000
3636,1,66.000000
3636,1,29.000000
3636,1,14.000000
7183,54,20.000000
7712,26,84.000000
3649,1,10.000000
3636,1,76.000000
7183,54,90.000000
3649,1,63.000000
7183,54,20.000000
3636,1,0.000000
3649,1,0.000000
7712,26,42.000000
3636,1,80.000000
7183,54,84.000000
3649,1,65.000000
7183,54,54.000000
3636,1,55.000000
3649,1,30.000000
7712,26,52.000000
7183,54,41.000000
3636,1,58.000000
3649,1,32.000000
7712,26,51.000000
7183,55,108.000000
3649,1,30.000000
7712,26,53.000000
3636,1,24.000000
7183,55,82.000000
727,16,93.000000
3649,1,58.000000
3636,1,65.000000
4926,15,90.000000
7183,55,10.000000
3636,1,22.000000
7712,26,10.000000
7183,55,82.000000
3649,1,56.000000
7712,26,70.000000
3636,1,75.000000
3649,1,40.000000
7712,26,80.000000
7183,55,53.000000
3636,1,60.000000
3649,1,61.000000
7183,55,40.000000
3636,1,81.000000
7712,26,42.000000
3649,1,55.000000
7183,55,72.000000
3636,1,45.000000
7712,26,50.000000
3649,1,0.000000
7712,26,81.000000
7183,55,73.000000
3649,1,43.000000
3636,1,50.000000
4486,3,20.000000
4486,3,20.000000
3649,1,70.000000
4486,3,153.000000
3636,1,20.000000
3636,1,80.000000
7183,55,62.000000
7712,26,42.000000
3649,1,11.000000
3649,1,50.000000
3636,1,78.000000
7183,55,10.000000
3636,1,21.000000
3636,1,56.000000
4486,3,0.000000
7712,26,10.000000
7183,55,10.000000
3636,1,65.000000
3649,1,60.000000
7183,55,70.000000
7712,26,30.000000
3636,1,40.000000
7183,55,10.000000
3649,1,0.000000
7712,26,0.000000
3636,1,79.000000
7183,55,83.000000
7712,26,77.000000
3649,1,47.000000
7183,55,40.000000
7712,26,10.000000
3636,1,77.000000
7712,26,111.000000
7183,55,40.000000
3649,1,10.000000
7183,55,51.000000
7712,26,49.000000
3649,1,20.000000
3636,1,10.000000
727,16,91.000000
3636,1,0.000000
7183,55,10.000000
7712,26,0.000000
7183,55,30.000000
7712,26,20.000000
4486,3,0.000000
7712,26,0.000000
7183,55,0.000000
7183,55,0.000000
7183,55,70.000000
3636,1,77.000000
3649,1,62.000000
7712,26,40.000000
3649,1,60.000000
7183,55,60.000000
3636,1,73.000000
7712,26,41.000000
7712,26,51.000000
7183,55,62.000000
3649,1,50.000000
3636,1,60.000000
7712,26,0.000000
7183,55,10.000000
3649,1,0.000000
3636,1,0.000000
7183,55,60.000000
7712,26,49.000000
3649,1,50.000000
3636,1,64.000000
4486,4,20.000000
7712,26,42.000000
7183,55,40.000000
3649,1,0.000000
4486,4,30.000000
7712,26,40.000000
7183,55,60.000000
3649,1,31.000000
3636,1,53.000000
7183,55,60.000000
7712,26,31.000000
3649,1,20.000000
3636,1,42.000000
7712,26,70.000000
3636,1,74.000000
7183,55,10.000000
7712,26,20.000000
7712,26,51.000000
7183,55,60.000000
3636,1,83.000000
3649,1,33.000000
7183,55,50.000000
3636,1,78.000000
7712,26,20.000000
3649,1,30.000000
7712,26,67.000000
3649,1,66.000000
7183,55,60.000000
3636,1,89.000000
7712,26,10.000000
7712,26,61.000000
7183,55,60.000000
3636,1,84.000000
3649,1,32.000000
7712,27,56.000000
7183,55,40.000000
3649,1,10.000000
7712,27,20.000000
7183,55,20.000000
3636,1,61.000000
7183,55,73.000000
3649,1,61.000000
7712,27,40.000000
3636,1,31.000000
7183,55,30.000000
3636,1,50.000000
7183,55,70.000000
7712,27,51.000000
3649,1,63.000000
3636,1,73.000000
7183,53,10.000000
7712,27,32.000000
7183,52,41.000000
3636,1,80.000000
7183,52,258.000000
7712,27,62.000000
3649,1,73.000000
7183,52,30.000000
7712,27,0.000000
3649,1,0.000000
7712,27,70.000000
3636,1,75.000000
7183,52,70.000000
3649,1,62.000000
7712,27,20.000000
7183,52,40.000000
7712,27,20.000000
7183,52,30.000000
7712,27,81.000000
3636,1,59.000000
7183,52,71.000000
3649,1,61.000000
7712,27,82.000000
3636,1,61.000000
7183,52,72.000000
3649,1,61.000000
4486,3,20.000000
4486,3,141.000000
7712,27,0.000000
7183,52,40.000000
3636,1,60.000000
3649,1,0.000000
7712,27,50.000000
3649,1,66.000000
7183,52,31.000000
3649,1,0.000000
7712,27,69.000000
3636,1,62.000000
3649,1,70.000000
7183,52,71.000000
3636,1,46.000000
7183,55,60.000000
3636,1,70.000000
7183,54,10.000000
3636,1,25.000000
3636,1,82.000000
7183,54,0.000000
7712,28,0.000000
3636,1,10.000000
7712,28,94.000000
7183,55,81.000000
3636,1,60.000000
3649,1,50.000000
3636,1,89.000000
3649,1,63.000000
7183,55,62.000000
7712,28,40.000000
3636,1,22.000000
3636,1,33.000000
3636,1,21.000000
4486,3,20.000000
7712,28,40.000000
7712,28,40.000000
3649,1,11.000000
7183,55,20.000000
3636,1,0.000000
3636,1,66.000000
3649,1,62.000000
7183,55,30.000000
7712,28,40.000000
7183,56,40.000000
3636,1,11.000000
3649,1,60.000000
3636,1,73.000000
7183,55,30.000000
7712,28,30.000000
7183,55,40.000000
7712,28,0.000000
7183,55,10.000000
3636,1,68.000000
3649,1,64.000000
7183,55,70.000000
7712,28,41.000000
7183,55,10.000000
3636,1,65.000000
3649,1,60.000000
7183,55,70.000000
7712,28,40.000000
7712,28,62.000000
7183,55,60.000000
3636,1,66.000000
3649,1,30.000000
7712,28,94.000000
7183,55,73.000000
3636,1,76.000000
3649,1,34.000000
7712,28,30.000000
7183,55,20.000000
7712,28,70.000000
7183,55,70.000000
3636,1,0.000000
3649,1,30.000000
3636,1,74.000000
3636,1,56.000000
7183,55,10.000000
7183,55,72.000000
7712,28,30.000000
3649,1,32.000000
3636,1,63.000000
3636,1,51.000000
7183,55,0.000000
7712,27,72.000000
3636,1,76.000000
7183,55,61.000000
3649,1,30.000000
7183,55,10.000000
4486,3,81.000000
3649,1,78.000000
7712,27,65.000000
3636,1,69.000000
7183,55,70.000000
4486,2,80.000000
7183,55,0.000000
7712,27,20.000000
7712,27,31.000000
7183,55,70.000000
3636,1,58.000000
3649,1,60.000000
7183,55,60.000000
3636,1,71.000000
3649,1,51.000000
7712,27,0.000000
3636,1,52.000000
7183,55,40.000000
3649,1,0.000000
7712,26,40.000000
3636,1,13.000000
7183,55,10.000000
3636,1,21.000000
3649,1,10.000000
7712,26,32.000000
7183,55,71.000000
3636,1,74.000000
3649,1,66.000000
7183,55,60.000000
3649,1,61.000000
3636,1,63.000000
7712,26,51.000000
7183,55,60.000000
3649,1,61.000000
3636,1,60.000000
7183,55,0.000000
7712,26,20.000000
7183,55,60.000000
3649,1,60.000000
3636,1,61.000000
7183,55,30.000000
7183,55,40.000000
7712,26,80.000000
7183,55,40.000000
3649,1,10.000000
4486,3,20.000000
3636,1,59.000000
7183,55,61.000000
4486,4,0.000000
3636,1,41.000000
7183,54,20.000000
3649,1,0.000000
3636,1,69.000000
7712,26,20.000000
7183,54,40.000000
3636,1,35.000000
7183,54,20.000000
7712,26,21.000000
7183,54,40.000000
3636,1,0.000000
3649,1,10.000000
3636,1,55.000000
7183,54,30.000000
7712,26,10.000000
3636,1,30.000000
3636,1,20.000000
7712,26,50.000000
7183,54,10.000000
3636,1,63.000000
7183,54,20.000000
7712,26,0.000000
7712,27,30.000000
7183,54,0.000000
3636,1,0.000000
7183,54,0.000000
3636,1,20.000000
3649,1,0.000000
7712,27,0.000000
7183,54,60.000000
7712,27,50.000000
3649,1,0.000000
7183,53,30.000000
7183,53,30.000000
7712,27,30.000000
3636,1,0.000000
7712,27,81.000000
3636,1,10.000000
3636,1,22.000000
7712,27,64.000000
7183,53,60.000000
3636,1,44.000000
3649,1,31.000000
7712,27,30.000000
7183,53,20.000000
3636,1,10.000000
7712,27,20.000000
4486,4,106.000000
7183,53,60.000000
3636,1,54.000000
3649,1,50.000000
7712,27,62.000000
4486,4,174.000000
7183,53,62.000000
7712,27,81.000000
3636,1,68.000000
3649,1,30.000000
7183,53,0.000000
7183,53,20.000000
7712,27,10.000000
3636,1,79.000000
7183,53,51.000000
3649,1,30.000000
7712,27,30.000000
7183,53,30.000000
7183,53,30.000000
7712,27,55.000000
7183,53,10.000000
7183,53,10.000000
7712,27,10.000000
7183,53,60.000000
3649,1,0.000000
3636,1,15.000000
7183,53,20.000000
7712,27,30.000000
3636,1,20.000000
4486,4,0.000000
7183,53,20.000000
3636,1,0.000000
7712,27,20.000000
7183,53,50.000000
3636,1,30.000000
7712,27,0.000000
7183,53,10.000000
7183,53,30.000000
7712,27,10.000000
3636,1,20.000000
7183,53,60.000000
7712,27,43.000000
3636,1,68.000000
3649,1,20.000000
7183,53,60.000000
7712,27,0.000000
3636,1,70.000000
4486,4,0.000000
7183,53,0.000000
7712,27,42.000000
3636,1,10.000000
7183,53,50.000000
3649,1,30.000000
3636,1,40.000000
7183,53,0.000000
3636,1,42.000000
7712,27,30.000000
7183,53,40.000000
7183,53,40.000000
7183,53,60.000000
7712,27,30.000000
3636,1,40.000000
3636,1,83.000000
7183,53,61.000000
4486,4,20.000000
4486,4,0.000000
727,16,93.000000
7183,55,23.000000
4486,4,30.000000
4486,4,30.000000
4486,4,30.000000
4486,4,32.000000
4486,4,240.000000
4926,15,70.000000
7712,25,10.000000
7183,55,71.000000
3636,1,69.000000
7712,25,51.000000
3649,1,20.000000
7183,55,61.000000
3636,1,57.000000
3649,1,50.000000
7712,25,50.000000
3636,1,56.000000
7712,25,41.000000
7183,55,0.000000
4486,2,30.000000
3636,1,40.000000
7183,55,10.000000
7712,25,20.000000
7183,55,60.000000
3636,1,10.000000
7183,55,0.000000
7712,25,20.000000
7183,55,50.000000
7712,25,31.000000
7183,55,10.000000
7183,55,10.000000
7712,25,10.000000
7183,55,60.000000
3636,1,30.000000
7183,55,20.000000
3636,1,83.000000
7183,55,20.000000
3636,1,56.000000
3649,1,30.000000
7183,55,20.000000
3636,1,51.000000
3636,1,30.000000
7712,26,51.000000
7183,54,50.000000
3636,1,0.000000
7712,26,0.000000
3636,1,11.000000
7712,26,40.000000
7183,54,0.000000
7712,26,30.000000
7183,54,50.000000
4486,2,30.000000
7183,54,20.000000
4486,2,22.000000
3636,1,10.000000
3636,1,11.000000
7712,26,42.000000
7183,54,20.000000
3636,1,84.000000
7183,54,83.000000
3649,1,66.000000
7712,26,20.000000
7183,54,20.000000
3636,1,12.000000
7712,26,0.000000
3636,1,78.000000
7183,54,82.000000
3649,1,75.000000
7712,26,61.000000
7712,26,80.000000
3636,1,70.000000
7183,54,50.000000
3649,1,30.000000
7183,54,40.000000
7712,26,30.000000
3636,1,0.000000
3649,1,0.000000
7183,54,50.000000
7712,26,40.000000
3636,1,20.000000
727,16,93.000000
7183,54,60.000000
7712,26,30.000000
7712,26,70.000000
7183,54,60.000000
3636,1,20.000000
7712,26,47.000000
7183,54,40.000000
3636,1,75.000000
7183,54,30.000000
7712,26,20.000000
7712,26,30.000000
7183,54,30.000000
3636,1,20.000000
3636,1,82.000000
7712,26,20.000000
7183,54,20.000000
7712,26,20.000000
7183,54,20.000000
4486,2,31.000000
3636,1,10.000000
7183,54,60.000000
3649,1,11.000000
7712,26,30.000000
3636,1,72.000000
3649,1,51.000000
3636,1,71.000000
3649,1,23.000000
7183,54,10.000000
7183,54,40.000000
3636,1,31.000000
7712,26,10.000000
7183,54,30.000000
7712,26,30.000000
7183,54,40.000000
3649,1,10.000000
3636,1,49.000000
7712,26,10.000000
7183,54,40.000000
3649,1,11.000000
3636,1,40.000000
7712,26,20.000000
7183,54,60.000000
3649,1,0.000000
7712,26,42.000000
3636,1,26.000000
7183,54,50.000000
3649,1,30.000000
7183,54,0.000000
3636,1,63.000000
7712,26,30.000000
7183,54,50.000000
7712,26,70.000000
7183,54,20.000000
3636,1,0.000000
7712,26,91.000000
7183,54,10.000000
7183,55,62.000000
3636,1,0.000000
7183,55,50.000000
7712,26,0.000000
3636,1,30.000000
3649,1,21.000000
3636,1,11.000000
7183,55,0.000000
7183,55,0.000000
7712,26,10.000000
3636,1,42.000000
7183,55,40.000000
3649,1,10.000000
7712,26,84.000000
7183,55,21.000000
7183,55,70.000000
3636,1,71.000000
3649,1,60.000000
3636,1,0.000000
7183,55,0.000000
7712,26,30.000000
7183,55,70.000000
3636,1,70.000000
3649,1,65.000000
4486,4,30.000000
4486,4,24.000000
3636,1,53.000000
7183,55,30.000000
3649,1,0.000000
3636,1,49.000000
7712,26,41.000000
3649,1,60.000000
7183,55,70.000000
3636,1,60.000000
7183,55,20.000000
3649,1,0.000000
7712,26,40.000000
3649,1,74.000000
7183,55,72.000000
3636,1,99.000000
7712,26,20.000000
3636,1,44.000000
7183,55,0.000000
7712,26,40.000000
7183,55,73.000000
3649,1,10.000000
3636,1,21.000000
3636,1,46.000000
3636,1,57.000000
3636,1,67.000000
7712,26,0.000000
7183,55,40.000000
3649,1,10.000000
7712,26,20.000000
7183,55,40.000000
727,16,92.000000
7712,26,10.000000
7183,55,40.000000
7712,26,30.000000
7183,55,10.000000
7712,26,58.000000
3636,1,33.000000
7183,55,50.000000
7712,26,30.000000
3636,1,21.000000
3649,1,21.000000
7183,55,20.000000
3636,1,0.000000
7183,55,30.000000
7712,26,40.000000
3636,1,50.000000
3649,1,21.000000
7183,55,20.000000
3636,1,78.000000
3636,1,83.000000
7183,55,40.000000
7183,55,40.000000
7712,26,20.000000
3636,1,50.000000
3636,1,78.000000
3649,1,22.000000
3636,1,46.000000
7712,26,22.000000
4486,4,30.000000
3649,1,41.000000
7183,55,60.000000
3636,1,70.000000
7183,55,20.000000
7712,26,30.000000
3636,1,22.000000
7183,55,20.000000
7712,26,20.000000
7183,55,20.000000
7183,55,20.000000
3636,1,12.000000
7183,55,0.000000
3636,1,12.000000
4486,4,0.000000
3636,1,41.000000
7183,55,30.000000
3636,1,22.000000
3636,1,23.000000
7183,55,40.000000
7712,26,10.000000
3636,1,52.000000
7183,55,20.000000
7712,26,10.000000
7183,54,30.000000
7183,54,30.000000
7712,26,10.000000
7712,26,63.000000
7183,54,50.000000
3636,1,54.000000
3636,1,57.000000
3636,1,0.000000
7183,54,10.000000
7712,27,0.000000
7712,27,70.000000
3636,1,65.000000
7183,54,50.000000
3636,1,58.000000
7183,54,40.000000
7712,27,40.000000
3649,1,21.000000
3636,1,75.000000
3636,1,42.000000
7712,27,40.000000
7183,54,30.000000
3649,1,0.000000
3636,1,77.000000
7712,27,22.000000
4486,4,60.000000
3636,1,13.000000
4486,4,90.000000
4486,4,90.000000
4486,4,90.000000
4486,4,90.000000
4486,4,90.000000
7712,27,83.000000
7183,54,50.000000
7183,54,40.000000
3636,1,40.000000
7712,27,31.000000
7183,54,40.000000
3636,1,0.000000
3636,1,12.000000
7712,27,0.000000
7183,54,20.000000
7712,27,31.000000
3649,1,0.000000
3636,1,20.000000
7183,54,30.000000
3636,1,66.000000
3636,1,66.000000
3636,1,27.000000
3636,1,11.000000
3636,1,23.000000
3636,1,0.000000
3636,1,12.000000
3636,1,72.000000
7183,54,40.000000
727,16,91.000000
7712,27,40.000000
3636,1,67.000000
7183,54,20.000000
7712,27,30.000000
3636,1,78.000000
7183,54,30.000000
7712,27,0.000000
3636,1,23.000000
7183,54,50.000000
3636,1,50.000000
7712,27,30.000000
4486,4,105.000000
7712,27,40.000000
7183,54,41.000000
7183,54,60.000000
7712,27,42.000000
7712,27,33.000000
7183,54,30.000000
3636,1,38.000000
7712,27,0.000000
7712,27,61.000000
7183,54,50.000000
3636,1,54.000000
3636,1,31.000000
7183,54,30.000000
7183,54,20.000000
3636,1,45.000000
7183,54,51.000000
3649,1,30.000000
7712,27,20.000000
3636,1,33.000000
7183,54,40.000000
3636,1,23.000000
7712,27,10.000000
7183,54,30.000000
7712,27,20.000000
7183,54,30.000000
727,16,92.000000
3636,1,70.000000
7183,55,20.000000
3636,1,30.000000
3636,1,0.000000
7712,26,10.000000
7183,55,40.000000
3636,1,23.000000
3649,1,31.000000
7712,26,10.000000
7183,55,60.000000
3636,1,51.000000
4486,2,90.000000
7712,26,0.000000
7183,55,30.000000
7712,26,0.000000
3636,1,37.000000
7183,55,10.000000
7712,26,0.000000
7183,55,50.000000
3636,1,0.000000
3636,1,80.000000
3649,1,20.000000
7183,55,0.000000
3649,1,30.000000
7712,26,99.000000
3636,1,67.000000
7183,55,30.000000
3649,1,40.000000
7183,55,70.000000
7183,55,70.000000
3636,1,76.000000
7712,26,0.000000
7183,55,60.000000
3649,1,10.000000
7712,26,30.000000
7183,55,50.000000
7712,26,30.000000
3636,1,10.000000
7183,55,30.000000
3649,1,0.000000
7183,55,30.000000
7183,55,30.000000
7183,55,30.000000
7712,26,30.000000
7183,55,50.000000
7712,26,20.000000
7183,55,50.000000
7712,26,30.000000
3636,1,24.000000
7183,55,70.000000
3649,1,32.000000
3636,1,80.000000
7183,55,61.000000
3636,1,31.000000
3649,1,10.000000
7712,26,10.000000
3636,1,11.000000
7183,55,10.000000
3649,1,61.000000
727,16,91.000000
3636,1,78.000000
7183,55,60.000000
7712,26,30.000000
3636,1,31.000000
3636,1,10.000000
4486,2,30.000000
3636,1,70.000000
7712,26,0.000000
7183,55,62.000000
4486,2,93.000000
7183,55,20.000000
3636,1,11.000000
4486,2,50.000000
4486,2,45.000000
7183,55,20.000000
7183,55,20.000000
7712,28,54.000000
3636,1,0.000000
7183,55,50.000000
7712,28,40.000000
3649,1,65.000000
7183,55,40.000000
3636,1,54.000000
4926,15,30.000000
3636,1,54.000000
3649,1,31.000000
3636,1,61.000000
