Timestamp,PID,Comm,Sent_Bytes,Received_Bytes
2024-12-24 13:38:40,3636,xrdp,20593,2282
2024-12-24 13:38:41,3636,xrdp,508450,5461
2024-12-24 13:38:42,3636,xrdp,1326317,7976
2024-12-24 13:38:43,3636,xrdp,1415718,9662
2024-12-24 13:38:45,3636,xrdp,1442143,12626
2024-12-24 13:38:45,3636,xrdp,1465503,16746
2024-12-24 13:38:46,3636,xrdp,2950577,20373
2024-12-24 13:38:47,3636,xrdp,3542898,23370
2024-12-24 13:38:48,3636,xrdp,4212088,26153
2024-12-24 13:38:49,4439,prometheus,8192,239
2024-12-24 13:38:49,3636,xrdp,5045538,28753
2024-12-24 13:38:49,7283,Socket Thread,4037,62728
2024-12-24 13:38:51,3636,xrdp,5714090,32746
2024-12-24 13:38:51,3636,xrdp,6235963,34059
2024-12-24 13:38:53,3636,xrdp,6339764,35714
2024-12-24 13:38:54,3636,xrdp,6875045,35860
2024-12-24 13:38:54,4426,prometheus,8387,239
2024-12-24 13:38:54,4428,prometheus,0,12483
2024-12-24 13:38:55,3636,xrdp,7037810,35860
2024-12-24 13:38:56,7283,Socket Thread,5756,67374
2024-12-24 13:38:56,4435,prometheus,7121,2046
2024-12-24 13:38:56,3636,xrdp,7326246,35884
2024-12-24 13:38:57,3636,xrdp,7529639,35884
2024-12-24 13:38:57,7283,Socket Thread,6576,71032
2024-12-24 13:38:58,4356,grafana,60392,1276
2024-12-24 13:38:58,3636,xrdp,7864316,35932
2024-12-24 13:38:59,7283,Socket Thread,9519,72012
2024-12-24 13:38:59,4356,grafana,60825,1276
2024-12-24 13:38:59,3636,xrdp,7930590,35956
2024-12-24 13:39:00,4435,prometheus,7121,3071
2024-12-24 13:39:00,4359,grafana,7500,3022
2024-12-24 13:39:00,3636,xrdp,8268935,36004
2024-12-24 13:39:01,3636,xrdp,8574917,36066
2024-12-24 13:39:01,7283,Socket Thread,11159,76103
2024-12-24 13:39:01,4359,grafana,8464,3022
2024-12-24 13:39:02,3636,xrdp,8826754,36076
2024-12-24 13:39:03,3636,xrdp,9082137,37200
2024-12-24 13:39:04,4439,prometheus,8397,478
2024-12-24 13:39:04,4427,prometheus,12493,0
2024-12-24 13:39:04,4426,prometheus,239,12493
2024-12-24 13:39:05,3636,xrdp,9818915,37628
2024-12-24 13:39:06,3636,xrdp,10227083,37645
2024-12-24 13:39:07,3636,xrdp,11058362,37755
2024-12-24 13:39:08,3636,xrdp,11542060,37836
2024-12-24 13:39:09,4439,prometheus,8397,717
2024-12-24 13:39:09,4426,prometheus,20864,239
2024-12-24 13:39:09,4428,prometheus,0,20864
2024-12-24 13:39:09,3636,xrdp,11908530,37983
2024-12-24 13:39:10,3636,xrdp,12671441,38055
2024-12-24 13:39:11,3636,xrdp,13632136,38276
2024-12-24 13:39:12,4426,prometheus,240,20318
2024-12-24 13:39:12,4428,prometheus,240,12288
2024-12-24 13:39:12,3636,xrdp,14931165,38350
2024-12-24 13:39:13,3636,xrdp,15710922,38450
2024-12-24 13:39:14,4427,prometheus,20880,0
2024-12-24 13:39:14,3636,xrdp,16101515,38630
2024-12-24 13:39:15,7283,Socket Thread,11978,77062
2024-12-24 13:39:15,4356,grafana,60825,2095
2024-12-24 13:39:15,4352,grafana,7246,821
2024-12-24 13:39:15,3636,xrdp,16389275,38676
2024-12-24 13:39:17,3636,xrdp,16580524,38702
2024-12-24 13:39:17,7283,Socket Thread,12797,80499
2024-12-24 13:39:17,4359,grafana,8464,3841
2024-12-24 13:39:17,4356,grafana,1025,10685
2024-12-24 13:39:18,3636,xrdp,16891222,38726
2024-12-24 13:39:18,7283,Socket Thread,13617,84157
2024-12-24 13:39:18,4356,grafana,61258,2095
2024-12-24 13:39:19,4426,prometheus,25150,478
2024-12-24 13:39:19,4439,prometheus,717,12481
2024-12-24 13:39:19,3636,xrdp,17187704,38748
2024-12-24 13:39:20,3636,xrdp,17234478,38772
2024-12-24 13:39:20,7283,Socket Thread,14436,84590
2024-12-24 13:39:20,4359,grafana,12122,4660
2024-12-24 13:39:21,4356,grafana,64911,2095
2024-12-24 13:39:22,3636,xrdp,17537258,39497
2024-12-24 13:39:23,3636,xrdp,17740449,43272
2024-12-24 13:39:23,3636,xrdp,18287078,45533
2024-12-24 13:39:24,4426,prometheus,239,20880
2024-12-24 13:39:24,3636,xrdp,18365002,48979
2024-12-24 13:39:26,3636,xrdp,18371677,52246
2024-12-24 13:39:27,3636,xrdp,18391398,55800
2024-12-24 13:39:27,4426,prometheus,240,24414
2024-12-24 13:39:28,3636,xrdp,20273141,56611
2024-12-24 13:39:29,3636,xrdp,22585939,58075
2024-12-24 13:39:29,4426,prometheus,33534,717
2024-12-24 13:39:29,4440,prometheus,12499,0
2024-12-24 13:39:29,4426,prometheus,239,29283
2024-12-24 13:39:30,3636,xrdp,22748345,61461
2024-12-24 13:39:31,3636,xrdp,23489043,63739
2024-12-24 13:39:32,3636,xrdp,23865741,64331
2024-12-24 13:39:33,3636,xrdp,25351134,64483
2024-12-24 13:39:34,4432,prometheus,8192,239
2024-12-24 13:39:34,3636,xrdp,26680964,64603
2024-12-24 13:39:35,3636,xrdp,28209649,64741
2024-12-24 13:39:36,3636,xrdp,28512377,65501
2024-12-24 13:39:37,7164,prometheus-push,8969,720
2024-12-24 13:39:37,3636,xrdp,28513088,67116
2024-12-24 13:39:38,3636,xrdp,28513474,67331
2024-12-24 13:39:39,4440,prometheus,20908,0
2024-12-24 13:39:39,3636,xrdp,29767990,67502
2024-12-24 13:39:40,3636,xrdp,30509860,67661
2024-12-24 13:39:41,3636,xrdp,32055954,67743
2024-12-24 13:39:42,1663,prometheus-node,8192,240
2024-12-24 13:39:42,3636,xrdp,32984302,67801
2024-12-24 13:39:43,3636,xrdp,33379927,67818
2024-12-24 13:39:44,4431,prometheus,8192,239
2024-12-24 13:39:44,3636,xrdp,33997562,67849
2024-12-24 13:39:46,3636,xrdp,34909132,67890
2024-12-24 13:39:46,3636,xrdp,35656398,68350
2024-12-24 13:39:47,3636,xrdp,36416721,68509
2024-12-24 13:39:49,3636,xrdp,36831466,68987
2024-12-24 13:39:49,4440,prometheus,25201,239
2024-12-24 13:39:49,4437,prometheus,8192,478
2024-12-24 13:39:49,4431,prometheus,478,12493
2024-12-24 13:39:50,3636,xrdp,37102761,69914
2024-12-24 13:39:51,3636,xrdp,37331215,70031
2024-12-24 13:39:52,3636,xrdp,38198797,70872
2024-12-24 13:39:52,5381,prometheus-push,8972,0
2024-12-24 13:39:53,3636,xrdp,38817185,74271
2024-12-24 13:39:54,7283,Socket Thread,15251,88248
2024-12-24 13:39:54,4431,prometheus,8372,478
2024-12-24 13:39:54,3636,xrdp,38945709,76647
2024-12-24 13:39:55,3636,xrdp,39501163,78032
2024-12-24 13:39:56,3636,xrdp,39951383,78097
2024-12-24 13:39:57,1656,prometheus-node,24414,0
2024-12-24 13:39:57,3636,xrdp,40550833,78169
2024-12-24 13:39:58,3636,xrdp,41060126,78224
2024-12-24 13:39:59,4437,prometheus,12474,478
2024-12-24 13:39:59,4431,prometheus,478,20871
2024-12-24 13:39:59,3636,xrdp,41601396,78623
2024-12-24 13:40:00,3636,xrdp,41616164,79003
2024-12-24 13:40:01,3636,xrdp,41842154,79649
2024-12-24 13:40:02,3636,xrdp,42044468,79726
2024-12-24 13:40:03,3636,xrdp,42394428,79726
2024-12-24 13:40:04,4426,prometheus,37630,717
2024-12-24 13:40:04,4440,prometheus,956,12468
2024-12-24 13:40:04,3636,xrdp,42412806,79726
2024-12-24 13:40:06,3636,xrdp,42413397,79726
2024-12-24 13:40:08,3636,xrdp,42413483,79728
2024-12-24 13:40:09,4426,prometheus,41912,956
2024-12-24 13:40:09,4440,prometheus,956,20846
2024-12-24 13:40:09,3636,xrdp,42460361,81434
2024-12-24 13:40:10,3636,xrdp,42577625,81709
2024-12-24 13:40:11,7283,Socket Thread,16071,92062
2024-12-24 13:40:11,4356,grafana,64916,2915
2024-12-24 13:40:11,4356,grafana,2051,10685
2024-12-24 13:40:11,4359,grafana,12122,5481
2024-12-24 13:40:11,4359,grafana,5178,4947
2024-12-24 13:40:11,3636,xrdp,43003183,81733
2024-12-24 13:40:12,4433,prometheus,240,20295
2024-12-24 13:40:12,4426,prometheus,240,44736
2024-12-24 13:40:12,4440,prometheus,240,12288
2024-12-24 13:40:12,3636,xrdp,43085289,81829
2024-12-24 13:40:12,7283,Socket Thread,17717,94245
2024-12-24 13:40:12,4359,grafana,5178,5415
2024-12-24 13:40:12,4359,grafana,12757,5481
2024-12-24 13:40:13,3636,xrdp,43225744,82418
2024-12-24 13:40:14,4426,prometheus,239,37692
2024-12-24 13:40:14,4433,prometheus,8192,717
2024-12-24 13:40:14,3636,xrdp,43291144,83864
2024-12-24 13:40:15,7283,Socket Thread,18453,94880
2024-12-24 13:40:15,4352,grafana,7251,1557
2024-12-24 13:40:15,3636,xrdp,44032873,86701
2024-12-24 13:40:16,7283,Socket Thread,19821,95029
2024-12-24 13:40:16,4437,prometheus,5382,1021
2024-12-24 13:40:16,4359,grafana,5178,7174
2024-12-24 13:40:16,4359,grafana,16853,5481
2024-12-24 13:40:17,4352,grafana,11209,1557
2024-12-24 13:40:17,3636,xrdp,44575221,89556
2024-12-24 13:40:17,4341,grafana,5173,7387
2024-12-24 13:40:17,4354,grafana,5836,4648
2024-12-24 13:40:17,3636,xrdp,46582854,93069
2024-12-24 13:40:19,3636,xrdp,47224261,97440
2024-12-24 13:40:19,4426,prometheus,478,41976
2024-12-24 13:40:19,4437,prometheus,16742,717
2024-12-24 13:40:19,7283,Socket Thread,22904,116160
2024-12-24 13:40:19,4352,grafana,11214,2925
2024-12-24 13:40:19,4433,prometheus,6439,2833
2024-12-24 13:40:19,4359,grafana,6199,8933
2024-12-24 13:40:19,4359,grafana,33338,6296
2024-12-24 13:40:19,4354,grafana,5836,5548
2024-12-24 13:40:19,4354,grafana,5965,4680
2024-12-24 13:40:19,4341,grafana,5173,8021
2024-12-24 13:40:19,4356,grafana,69971,2915
2024-12-24 13:40:20,4437,prometheus,6016,3171
2024-12-24 13:40:20,4356,grafana,2051,12111
2024-12-24 13:40:20,3636,xrdp,47557751,98903
2024-12-24 13:40:21,3636,xrdp,47831448,102261
2024-12-24 13:40:22,3636,xrdp,49811862,102435
2024-12-24 13:40:22,5383,prometheus-push,5502,240
2024-12-24 13:40:22,4437,prometheus,240,10835
2024-12-24 13:40:23,3636,xrdp,50185190,103463
2024-12-24 13:40:24,3636,xrdp,50882331,103582
2024-12-24 13:40:24,4440,prometheus,25201,478
2024-12-24 13:40:24,4433,prometheus,12476,717
2024-12-24 13:40:24,4440,prometheus,956,29223
2024-12-24 13:40:24,7283,Socket Thread,26893,150794
2024-12-24 13:40:24,4356,grafana,82360,3736
2024-12-24 13:40:24,4356,grafana,3078,12111
2024-12-24 13:40:24,4433,prometheus,8198,4646
2024-12-24 13:40:24,4341,grafana,5173,8813
2024-12-24 13:40:24,4359,grafana,47518,8564
2024-12-24 13:40:25,3636,xrdp,51230395,103632
2024-12-24 13:40:25,7283,Socket Thread,27718,151753
2024-12-24 13:40:25,4356,grafana,82360,4561
2024-12-24 13:40:26,4356,grafana,4109,12111
2024-12-24 13:40:26,4354,grafana,5965,6907
2024-12-24 13:40:26,4354,grafana,6471,5548
2024-12-24 13:40:26,3636,xrdp,51421574,103690
2024-12-24 13:40:27,4426,prometheus,480,44736
2024-12-24 13:40:27,4440,prometheus,240,20312
2024-12-24 13:40:27,3636,xrdp,52010473,103704
2024-12-24 13:40:28,3636,xrdp,52578143,103830
2024-12-24 13:40:29,4440,prometheus,25201,717
2024-12-24 13:40:29,4437,prometheus,29205,717
2024-12-24 13:40:29,4440,prometheus,956,37599
2024-12-24 13:40:29,3636,xrdp,53253122,104768
2024-12-24 13:40:30,3636,xrdp,53275241,105010
2024-12-24 13:40:31,3636,xrdp,53275353,105502
2024-12-24 13:40:32,3636,xrdp,53290179,106410
2024-12-24 13:40:33,3636,xrdp,55553838,109683
2024-12-24 13:40:34,7283,Socket Thread,29088,152388
2024-12-24 13:40:34,4354,grafana,6471,6918
2024-12-24 13:40:34,4354,grafana,6753,6907
2024-12-24 13:40:34,4426,prometheus,7211,3870
2024-12-24 13:40:34,4341,grafana,5173,12013
2024-12-24 13:40:34,4356,grafana,86456,4561
2024-12-24 13:40:34,4356,grafana,5184,12111
2024-12-24 13:40:34,4426,prometheus,50289,1195
2024-12-24 13:40:34,3636,xrdp,57072504,110542
2024-12-24 13:40:35,3636,xrdp,57646724,113460
2024-12-24 13:40:36,3636,xrdp,58797838,114052
2024-12-24 13:40:37,5382,prometheus-push,5336,480
2024-12-24 13:40:37,4426,prometheus,480,10839
2024-12-24 13:40:38,3636,xrdp,59618920,114052
2024-12-24 13:40:39,3636,xrdp,60688164,114517
2024-12-24 13:40:39,4426,prometheus,58670,1434
2024-12-24 13:40:39,4431,prometheus,20846,478
2024-12-24 13:40:39,4426,prometheus,478,54439
2024-12-24 13:40:40,7283,Socket Thread,30813,196948
2024-12-24 13:40:40,4356,grafana,126088,6286
2024-12-24 13:40:40,4356,grafana,6215,12111
2024-12-24 13:40:40,4341,grafana,5173,12481
2024-12-24 13:40:40,3636,xrdp,62295966,115057
2024-12-24 13:40:41,3636,xrdp,63856261,115672
2024-12-24 13:40:42,3636,xrdp,65086950,115689
2024-12-24 13:40:42,4426,prometheus,720,44736
2024-12-24 13:40:42,1650,prometheus-node,24408,0
2024-12-24 13:40:42,4437,prometheus,240,12288
2024-12-24 13:40:43,3636,xrdp,67626671,115771
2024-12-24 13:40:44,3636,xrdp,67954387,115788
2024-12-24 13:40:44,4431,prometheus,717,25139
2024-12-24 13:40:44,4431,prometheus,25130,717
2024-12-24 13:40:44,4426,prometheus,62766,1434
2024-12-24 13:40:44,4432,prometheus,0,12485
2024-12-24 13:40:45,3636,xrdp,68225393,116276
2024-12-24 13:40:46,3636,xrdp,68247548,116572
2024-12-24 13:40:47,3636,xrdp,70081876,116646
2024-12-24 13:40:48,3636,xrdp,72680336,116744
2024-12-24 13:40:49,4426,prometheus,717,58723
2024-12-24 13:40:49,4432,prometheus,8397,478
2024-12-24 13:40:49,4426,prometheus,71133,1434
2024-12-24 13:40:49,4437,prometheus,956,12477
2024-12-24 13:40:49,3636,xrdp,73301429,116828
2024-12-24 13:40:50,3636,xrdp,74746974,116897
2024-12-24 13:40:51,3636,xrdp,76212502,116991
2024-12-24 13:40:52,5356,prometheus-push,5504,240
2024-12-24 13:40:52,4437,prometheus,240,14931
2024-12-24 13:40:53,3636,xrdp,76932621,117399
2024-12-24 13:40:53,3636,xrdp,77402796,117717
2024-12-24 13:40:54,4917,Chrome_ChildIOT,3501,24788
2024-12-24 13:40:54,4426,prometheus,956,58723
2024-12-24 13:40:54,4437,prometheus,33480,956
2024-12-24 13:40:54,4437,prometheus,956,20850
2024-12-24 13:40:54,4440,prometheus,29297,717
2024-12-24 13:40:54,7283,Socket Thread,32185,197583
2024-12-24 13:40:54,4352,grafana,12046,4297
2024-12-24 13:40:54,4433,prometheus,8990,5436
2024-12-24 13:40:54,4341,grafana,5173,16577
2024-12-24 13:40:54,4354,grafana,11399,6918
2024-12-24 13:40:54,4437,prometheus,6650,4246
2024-12-24 13:40:54,4354,grafana,6753,7541
2024-12-24 13:40:55,3636,xrdp,78329574,120287
2024-12-24 13:40:55,3636,xrdp,79501079,121839
2024-12-24 13:40:56,7283,Socket Thread,33729,258003
2024-12-24 13:40:56,4359,grafana,47518,9208
2024-12-24 13:40:56,3636,xrdp,80057410,124424
2024-12-24 13:40:57,4440,prometheus,480,36521
2024-12-24 13:40:57,1656,prometheus-node,40613,240
2024-12-24 13:40:57,4433,prometheus,240,24391
2024-12-24 13:40:57,3636,xrdp,80432193,128570
2024-12-24 13:40:58,3636,xrdp,81406855,129005
2024-12-24 13:40:59,4437,prometheus,1195,25132
2024-12-24 13:40:59,4440,prometheus,33579,956
2024-12-24 13:40:59,4426,prometheus,79506,1434
2024-12-24 13:40:59,4432,prometheus,0,20852
2024-12-24 13:41:00,3636,xrdp,82095635,129060
2024-12-24 13:41:01,3636,xrdp,83360536,129094
2024-12-24 13:41:01,3636,xrdp,84153053,129111
2024-12-24 13:41:03,3636,xrdp,84312618,129130
2024-12-24 13:41:04,3636,xrdp,84313621,130131
2024-12-24 13:41:04,4437,prometheus,1434,25132
2024-12-24 13:41:04,4426,prometheus,83781,1673
2024-12-24 13:41:04,4440,prometheus,37675,956
2024-12-24 13:41:04,3636,xrdp,85948175,130220
2024-12-24 13:41:06,3636,xrdp,87371623,130423
2024-12-24 13:41:07,3636,xrdp,88369709,130473
2024-12-24 13:41:07,4437,prometheus,480,16339
2024-12-24 13:41:07,5383,prometheus-push,5502,480
2024-12-24 13:41:07,4440,prometheus,720,10420
2024-12-24 13:41:08,3636,xrdp,90360692,130584
2024-12-24 13:41:09,3636,xrdp,91008286,130672
2024-12-24 13:41:09,4426,prometheus,1195,58723
2024-12-24 13:41:09,4440,prometheus,41940,1195
2024-12-24 13:41:09,4432,prometheus,0,29223
2024-12-24 13:41:10,3636,xrdp,93188464,130749
2024-12-24 13:41:11,3636,xrdp,93410724,131860
2024-12-24 13:41:12,4440,prometheus,720,36521
2024-12-24 13:41:12,1650,prometheus-node,44666,0
2024-12-24 13:41:12,4433,prometheus,240,44715
2024-12-24 13:41:12,3636,xrdp,94321865,133735
2024-12-24 13:41:13,3636,xrdp,96310840,133896
2024-12-24 13:41:14,4433,prometheus,1195,12474
2024-12-24 13:41:14,4435,prometheus,8192,478
2024-12-24 13:41:14,3636,xrdp,97494754,133986
2024-12-24 13:41:15,3636,xrdp,97509256,134536
2024-12-24 13:41:16,3636,xrdp,97957241,136905
2024-12-24 13:41:17,3636,xrdp,98584417,136967
2024-12-24 13:41:18,3636,xrdp,98605335,137429
2024-12-24 13:41:19,4433,prometheus,16756,956
2024-12-24 13:41:19,4435,prometheus,12471,478
2024-12-24 13:41:19,4428,prometheus,0,29246
2024-12-24 13:41:19,3636,xrdp,98617059,139741
2024-12-24 13:41:20,3636,xrdp,100639401,143520
2024-12-24 13:41:21,7283,Socket Thread,34544,258423
2024-12-24 13:41:21,4352,grafana,12878,6012
2024-12-24 13:41:21,4435,prometheus,10619,4092
2024-12-24 13:41:21,4359,grafana,8060,12556
2024-12-24 13:41:21,4341,grafana,8437,6120
2024-12-24 13:41:21,3636,xrdp,101146207,144615
2024-12-24 13:41:22,4431,prometheus,480,10879
2024-12-24 13:41:22,3636,xrdp,102026360,144699
2024-12-24 13:41:23,7283,Socket Thread,35366,262237
2024-12-24 13:41:23,4352,grafana,12878,6834
2024-12-24 13:41:23,4352,grafana,5727,5179
2024-12-24 13:41:23,4435,prometheus,14242,5120
2024-12-24 13:41:23,4341,grafana,5173,17857
2024-12-24 13:41:23,4341,grafana,9422,6120
2024-12-24 13:41:23,3636,xrdp,102501416,144711
2024-12-24 13:41:24,7283,Socket Thread,36189,263217
2024-12-24 13:41:24,4359,grafana,47938,10031
2024-12-24 13:41:24,4359,grafana,9089,12556
2024-12-24 13:41:24,4435,prometheus,15055,6149
2024-12-24 13:41:24,4352,grafana,5727,5442
2024-12-24 13:41:24,4354,grafana,67321,6918
2024-12-24 13:41:24,4428,prometheus,239,33521
2024-12-24 13:41:24,4431,prometheus,25130,956
2024-12-24 13:41:24,4440,prometheus,54408,1195
2024-12-24 13:41:24,4433,prometheus,1195,20849
2024-12-24 13:41:24,4435,prometheus,956,12493
2024-12-24 13:41:24,3636,xrdp,103173069,145876
2024-12-24 13:41:25,3636,xrdp,103768607,146599
2024-12-24 13:41:27,3636,xrdp,103769347,146824
2024-12-24 13:41:27,4433,prometheus,480,60936
2024-12-24 13:41:27,816,prometheus-node,24418,0
2024-12-24 13:41:27,4435,prometheus,0,24426
2024-12-24 13:41:27,3636,xrdp,104713187,147578
2024-12-24 13:41:28,3636,xrdp,106712278,147716
2024-12-24 13:41:29,4440,prometheus,1195,41874
2024-12-24 13:41:29,4435,prometheus,16746,717
2024-12-24 13:41:29,4432,prometheus,12493,478
2024-12-24 13:41:29,4431,prometheus,717,29235
2024-12-24 13:41:29,3636,xrdp,107668910,148404
2024-12-24 13:41:31,3636,xrdp,108004527,149451
2024-12-24 13:41:32,3636,xrdp,108948616,154165
2024-12-24 13:41:32,7283,Socket Thread,37560,263647
2024-12-24 13:41:32,4354,grafana,67321,8289
2024-12-24 13:41:32,4354,grafana,7542,7541
2024-12-24 13:41:32,4433,prometheus,14569,5436
2024-12-24 13:41:32,4352,grafana,5727,6458
2024-12-24 13:41:32,4359,grafana,52034,10031
2024-12-24 13:41:32,4440,prometheus,6151,6015
2024-12-24 13:41:32,4356,grafana,6215,15734
2024-12-24 13:41:32,4356,grafana,129897,6286
2024-12-24 13:41:32,4359,grafana,10164,12556
2024-12-24 13:41:32,4352,grafana,13710,6834
2024-12-24 13:41:32,3636,xrdp,110777970,156906
2024-12-24 13:41:34,3636,xrdp,111968766,159243
2024-12-24 13:41:34,4440,prometheus,1434,41874
2024-12-24 13:41:34,4431,prometheus,25130,1195
2024-12-24 13:41:34,4440,prometheus,62772,1195
2024-12-24 13:41:34,4435,prometheus,956,16761
2024-12-24 13:41:35,3636,xrdp,112828644,161285
2024-12-24 13:41:36,3636,xrdp,113504562,165728
2024-12-24 13:41:37,3636,xrdp,115444984,166026
2024-12-24 13:41:37,5381,prometheus-push,10209,240
2024-12-24 13:41:37,5382,prometheus-push,14935,480
2024-12-24 13:41:38,3636,xrdp,116597137,166074
2024-12-24 13:41:39,4440,prometheus,1673,41874
2024-12-24 13:41:39,4435,prometheus,16746,956
2024-12-24 13:41:39,4428,prometheus,8192,478
2024-12-24 13:41:39,3636,xrdp,118400395,166122
2024-12-24 13:41:40,3636,xrdp,119544503,166122
2024-12-24 13:41:42,4435,prometheus,240,40642
2024-12-24 13:41:42,1655,prometheus-node,24426,0
2024-12-24 13:41:42,4440,prometheus,720,40617
2024-12-24 13:41:42,3636,xrdp,120815755,166156
2024-12-24 13:41:43,3636,xrdp,121868638,166156
2024-12-24 13:41:44,4428,prometheus,478,33521
2024-12-24 13:41:44,4435,prometheus,16746,1195
2024-12-24 13:41:44,4440,prometheus,71153,1195
2024-12-24 13:41:44,4435,prometheus,956,25142
2024-12-24 13:41:44,3636,xrdp,123153100,166296
2024-12-24 13:41:45,3636,xrdp,124710878,166337
2024-12-24 13:41:46,3636,xrdp,125687641,166945
2024-12-24 13:41:47,3636,xrdp,126753108,166979
2024-12-24 13:41:48,3636,xrdp,129061785,167142
2024-12-24 13:41:49,4428,prometheus,717,33521
2024-12-24 13:41:49,4440,prometheus,75445,1434
2024-12-24 13:41:49,4431,prometheus,717,37610
2024-12-24 13:41:49,3636,xrdp,130628476,167275
2024-12-24 13:41:51,3636,xrdp,130638465,169114
2024-12-24 13:41:52,3636,xrdp,132974991,169784
2024-12-24 13:41:52,4440,prometheus,960,10420
2024-12-24 13:41:52,5383,prometheus-push,11049,720
2024-12-24 13:41:52,5382,prometheus-push,20508,480
2024-12-24 13:41:52,4431,prometheus,480,14975
2024-12-24 13:41:52,3636,xrdp,134677850,171257
2024-12-24 13:41:53,3636,xrdp,136307665,171335
2024-12-24 13:41:54,4435,prometheus,1195,29434
2024-12-24 13:41:54,4440,prometheus,83832,1673
2024-12-24 13:41:55,3636,xrdp,138727510,171432
2024-12-24 13:41:56,3636,xrdp,140575463,171507
2024-12-24 13:41:57,4428,prometheus,480,20322
2024-12-24 13:41:57,1656,prometheus-node,44709,240
2024-12-24 13:41:57,4440,prometheus,720,60934
2024-12-24 13:41:57,3636,xrdp,141873436,171543
2024-12-24 13:41:58,3636,xrdp,142938500,171685
2024-12-24 13:41:59,4433,prometheus,1434,20849
2024-12-24 13:41:59,4428,prometheus,8389,717
2024-12-24 13:41:59,4433,prometheus,20852,956
2024-12-24 13:41:59,4428,prometheus,717,37617
2024-12-24 13:42:00,3636,xrdp,142954808,172276
2024-12-24 13:42:00,3636,xrdp,144058329,172352
2024-12-24 13:42:01,3636,xrdp,144692279,172634
2024-12-24 13:42:03,3636,xrdp,145680697,172694
2024-12-24 13:42:04,4440,prometheus,1912,50263
2024-12-24 13:42:04,4428,prometheus,8389,956
2024-12-24 13:42:04,4435,prometheus,20842,1195
2024-12-24 13:42:04,4428,prometheus,717,46001
2024-12-24 13:42:04,3636,xrdp,147531366,173002
2024-12-24 13:42:05,3636,xrdp,150160228,173290
2024-12-24 13:42:06,3636,xrdp,152860110,173392
2024-12-24 13:42:07,7908,prometheus-push,5546,480
2024-12-24 13:42:07,3636,xrdp,155463588,173488
2024-12-24 13:42:08,3636,xrdp,158327783,173668
2024-12-24 13:42:09,4440,prometheus,2151,50263
2024-12-24 13:42:09,4428,prometheus,8389,1195
2024-12-24 13:42:09,4428,prometheus,717,54397
2024-12-24 13:42:09,4433,prometheus,29236,956
2024-12-24 13:42:09,3636,xrdp,159539067,173738
2024-12-24 13:42:09,7283,Socket Thread,40095,275553
2024-12-24 13:42:09,4352,grafana,13710,7654
2024-12-24 13:42:09,4352,grafana,6753,6458
2024-12-24 13:42:09,4433,prometheus,14569,6462
2024-12-24 13:42:09,4356,grafana,131126,6286
2024-12-24 13:42:10,3636,xrdp,159880268,173738
2024-12-24 13:42:12,4428,prometheus,720,20322
2024-12-24 13:42:12,4435,prometheus,240,44738
2024-12-24 13:42:12,818,prometheus-node,8192,240
2024-12-24 13:42:12,3636,xrdp,160767918,173788
2024-12-24 13:42:12,7283,Socket Thread,40916,276777
2024-12-24 13:42:12,4356,grafana,131126,7107
2024-12-24 13:42:12,4356,grafana,7242,16368
2024-12-24 13:42:12,4433,prometheus,15626,7489
2024-12-24 13:42:12,4354,grafana,8563,8333
2024-12-24 13:42:13,3636,xrdp,161653947,175406
2024-12-24 13:42:14,4428,prometheus,956,58699
2024-12-24 13:42:14,4435,prometheus,25142,1434
2024-12-24 13:42:14,4428,prometheus,12485,1195
2024-12-24 13:42:14,4432,prometheus,0,37595
2024-12-24 13:42:14,3636,xrdp,163200446,176046
2024-12-24 13:42:15,3636,xrdp,165356289,176148
2024-12-24 13:42:16,3636,xrdp,168182553,176400
2024-12-24 13:42:17,3636,xrdp,169929499,176448
2024-12-24 13:42:18,3636,xrdp,171930014,176548
2024-12-24 13:42:19,4428,prometheus,1195,58699
2024-12-24 13:42:19,4428,prometheus,16787,1434
2024-12-24 13:42:19,4431,prometheus,717,45997
2024-12-24 13:42:19,3636,xrdp,173202002,176960
2024-12-24 13:42:20,4917,Chrome_ChildIOT,3532,53883
2024-12-24 13:42:20,3636,xrdp,175423305,177041
2024-12-24 13:42:22,3636,xrdp,177166811,177134
2024-12-24 13:42:22,7910,prometheus-push,8969,480
2024-12-24 13:42:22,4431,prometheus,480,20564
2024-12-24 13:42:23,3636,xrdp,177231643,180714
2024-12-24 13:42:24,4432,prometheus,239,41897
2024-12-24 13:42:24,4428,prometheus,25175,1673
2024-12-24 13:42:24,4433,prometheus,1434,24945
2024-12-24 13:42:24,3636,xrdp,178589662,183276
2024-12-24 13:42:25,3636,xrdp,178914550,185927
2024-12-24 13:42:26,3636,xrdp,179224885,187602
2024-12-24 13:42:27,4428,prometheus,960,20322
2024-12-24 13:42:27,1656,prometheus-node,60954,480
2024-12-24 13:42:27,1654,prometheus-node,24401,0
2024-12-24 13:42:27,4433,prometheus,480,65032
2024-12-24 13:42:27,3636,xrdp,180353278,187655
2024-12-24 13:42:28,3636,xrdp,180500542,188252
2024-12-24 13:42:29,4432,prometheus,478,41897
2024-12-24 13:42:29,4433,prometheus,33538,1195
2024-12-24 13:42:29,4435,prometheus,29238,1434
2024-12-24 13:42:29,4433,prometheus,1434,33345
2024-12-24 13:42:29,3636,xrdp,181220819,188331
2024-12-24 13:42:30,3636,xrdp,181382856,189981
2024-12-24 13:42:31,3636,xrdp,181402805,189983
2024-12-24 13:42:32,3636,xrdp,182108943,191176
2024-12-24 13:42:33,3636,xrdp,182218522,193126
2024-12-24 13:42:34,4435,prometheus,1434,37811
2024-12-24 13:42:34,4433,prometheus,33538,1434
2024-12-24 13:42:34,4432,prometheus,20868,478
2024-12-24 13:42:34,4431,prometheus,717,54385
2024-12-24 13:42:34,3636,xrdp,182489341,194561
2024-12-24 13:42:36,3636,xrdp,182505916,194892
2024-12-24 13:42:36,3636,xrdp,182506225,196703
2024-12-24 13:42:37,5383,prometheus-push,11049,960
2024-12-24 13:42:37,8342,prometheus-push,9711,0
2024-12-24 13:42:37,4435,prometheus,480,11174
2024-12-24 13:42:37,3636,xrdp,182552722,198437
2024-12-24 13:42:38,3636,xrdp,182631270,199040
2024-12-24 13:42:39,4432,prometheus,717,41897
2024-12-24 13:42:39,4432,prometheus,25171,717
2024-12-24 13:42:39,4431,prometheus,717,62784
2024-12-24 13:42:40,3636,xrdp,182663732,201815
2024-12-24 13:42:41,3636,xrdp,182681763,205685
2024-12-24 13:42:42,3636,xrdp,183719066,206223
2024-12-24 13:42:42,4432,prometheus,240,20294
2024-12-24 13:42:42,818,prometheus-node,20333,480
2024-12-24 13:42:42,1653,prometheus-node,8192,480
2024-12-24 13:42:42,4431,prometheus,240,12288
2024-12-24 13:42:42,3636,xrdp,184124857,206964
2024-12-24 13:42:44,3636,xrdp,185245962,207014
2024-12-24 13:42:44,4433,prometheus,1673,37646
2024-12-24 13:42:44,4432,prometheus,33573,956
2024-12-24 13:42:44,4435,prometheus,37635,1434
2024-12-24 13:42:44,4440,prometheus,2151,54359
2024-12-24 13:42:44,3636,xrdp,186605159,207063
2024-12-24 13:42:46,3636,xrdp,186929718,207087
2024-12-24 13:42:47,3636,xrdp,188088630,207121
2024-12-24 13:42:48,3636,xrdp,189587033,207252
2024-12-24 13:42:49,3636,xrdp,191217550,207347
2024-12-24 13:42:49,4435,prometheus,1673,37811
2024-12-24 13:42:49,4440,prometheus,92209,1912
2024-12-24 13:42:49,4433,prometheus,37634,1434
2024-12-24 13:42:49,4432,prometheus,717,45993
2024-12-24 13:42:50,3636,xrdp,191582912,207421
2024-12-24 13:42:51,3636,xrdp,192867343,207493
2024-12-24 13:42:52,3636,xrdp,193700147,207600
2024-12-24 13:42:52,5383,prometheus-push,11049,1200
2024-12-24 13:42:53,3636,xrdp,195657730,207710
2024-12-24 13:42:54,3636,xrdp,197801679,207844
2024-12-24 13:42:54,4435,prometheus,1912,37811
2024-12-24 13:42:54,4433,prometheus,41936,1673
2024-12-24 13:42:54,4432,prometheus,37669,956
2024-12-24 13:42:54,4428,prometheus,1195,62795
2024-12-24 13:42:55,3636,xrdp,200685725,208045
2024-12-24 13:42:56,3636,xrdp,202150530,208350
2024-12-24 13:42:57,4435,prometheus,480,60975
2024-12-24 13:42:57,1654,prometheus-node,40614,240
2024-12-24 13:42:57,818,prometheus-node,24429,480
2024-12-24 13:42:57,4432,prometheus,240,24390
2024-12-24 13:42:57,3636,xrdp,203791793,208500
2024-12-24 13:42:58,3636,xrdp,203874121,211336
2024-12-24 13:42:59,4431,prometheus,956,67090
2024-12-24 13:42:59,4431,prometheus,25130,1434
2024-12-24 13:42:59,4432,prometheus,717,54391
2024-12-24 13:42:59,3636,xrdp,203874608,214050
2024-12-24 13:43:00,3636,xrdp,203930269,215023
2024-12-24 13:43:01,3636,xrdp,203933448,215361
2024-12-24 13:43:02,3636,xrdp,204171975,215663
2024-12-24 13:43:03,3636,xrdp,204908137,216837
2024-12-24 13:43:04,4431,prometheus,1195,67090
2024-12-24 13:43:04,4432,prometheus,41973,1195
2024-12-24 13:43:04,3636,xrdp,205305710,219120
2024-12-24 13:43:05,3636,xrdp,206827269,222599
2024-12-24 13:43:06,3636,xrdp,208007453,225077
2024-12-24 13:43:07,7283,Socket Thread,41731,277736
2024-12-24 13:43:07,4356,grafana,131126,7922
2024-12-24 13:43:07,4356,grafana,8263,16368
2024-12-24 13:43:07,4359,grafana,59007,10931
2024-12-24 13:43:07,4435,prometheus,720,11174
2024-12-24 13:43:07,5382,prometheus-push,22001,720
2024-12-24 13:43:07,5383,prometheus-push,20812,1200
2024-12-24 13:43:07,4431,prometheus,480,26173
2024-12-24 13:43:08,3636,xrdp,209543257,225520
2024-12-24 13:43:08,7283,Socket Thread,42551,281550
2024-12-24 13:43:08,4359,grafana,10164,13199
2024-12-24 13:43:08,4352,grafana,14520,7654
2024-12-24 13:43:09,3636,xrdp,210450355,225568
2024-12-24 13:43:09,4352,grafana,6753,6837
2024-12-24 13:43:09,4435,prometheus,2151,41907
2024-12-24 13:43:09,4431,prometheus,33514,1673
2024-12-24 13:43:09,4440,prometheus,96305,1912
2024-12-24 13:43:09,3636,xrdp,211013804,225616
2024-12-24 13:43:10,7283,Socket Thread,44194,282906
2024-12-24 13:43:10,4354,grafana,8563,8524
2024-12-24 13:43:10,4352,grafana,15424,7654
2024-12-24 13:43:11,3636,xrdp,211701723,225616
2024-12-24 13:43:11,3636,xrdp,212309499,225616
2024-12-24 13:43:12,1655,prometheus-node,40647,240
2024-12-24 13:43:12,4440,prometheus,720,81275
2024-12-24 13:43:12,7283,Socket Thread,45015,283264
2024-12-24 13:43:12,4359,grafana,59012,11752
2024-12-24 13:43:12,4359,grafana,11191,13199
2024-12-24 13:43:12,4352,grafana,6753,7216
2024-12-24 13:43:12,4356,grafana,131672,7922
2024-12-24 13:43:13,3636,xrdp,212640227,225640
2024-12-24 13:43:14,3636,xrdp,213292225,225688
2024-12-24 13:43:14,4432,prometheus,956,58679
2024-12-24 13:43:14,4428,prometheus,37671,1673
2024-12-24 13:43:14,7283,Socket Thread,45834,283810
2024-12-24 13:43:14,4354,grafana,67321,9923
2024-12-24 13:43:14,4354,grafana,9588,8524
2024-12-24 13:43:14,4356,grafana,8263,19866
2024-12-24 13:43:14,4359,grafana,62665,11752
2024-12-24 13:43:15,3636,xrdp,214108148,225712
2024-12-24 13:43:16,3636,xrdp,215194352,227305
2024-12-24 13:43:17,3636,xrdp,217036285,229759
2024-12-24 13:43:18,3636,xrdp,217776759,234272
2024-12-24 13:43:19,4428,prometheus,41971,1912
2024-12-24 13:43:19,4440,prometheus,104687,1912
2024-12-24 13:43:19,4428,prometheus,1195,67099
2024-12-24 13:43:19,3636,xrdp,218814000,237519
2024-12-24 13:43:20,3636,xrdp,220774694,239742
2024-12-24 14:15:39,11500,xrdp,888951,2652
2024-12-24 14:15:41,11500,xrdp,3299375,7067
2024-12-24 14:15:42,11500,xrdp,4312136,8791
2024-12-24 14:15:43,11500,xrdp,5151172,12096
2024-12-24 14:15:44,4435,prometheus,9062,478
2024-12-24 14:15:44,11500,xrdp,5363424,12139
2024-12-24 14:15:45,11500,xrdp,5658287,14815
2024-12-24 14:15:46,11500,xrdp,5763747,18899
2024-12-24 14:15:47,11500,xrdp,5763857,19603
2024-12-24 14:15:48,11500,xrdp,5770720,21005
2024-12-24 14:15:49,4428,prometheus,239,13158
2024-12-24 14:15:49,11500,xrdp,5779179,23441
2024-12-24 14:15:50,11500,xrdp,5782586,23538
2024-12-24 14:15:51,11500,xrdp,5782778,23578
2024-12-24 14:15:53,11500,xrdp,5783535,23638
2024-12-24 14:15:54,11500,xrdp,5783697,23648
2024-12-24 14:15:54,4433,prometheus,9065,239
2024-12-24 14:15:54,4427,prometheus,8192,239
2024-12-24 14:15:55,11500,xrdp,5783783,23648
2024-12-24 14:15:56,11500,xrdp,5785037,23710
2024-12-24 14:15:57,11500,xrdp,5787096,23780
2024-12-24 14:15:58,11500,xrdp,5787406,23840
2024-12-24 14:15:59,4433,prometheus,13161,239
2024-12-24 14:15:59,4427,prometheus,239,13160
2024-12-24 14:15:59,11500,xrdp,5787715,23888
2024-12-24 14:16:00,11500,xrdp,5789868,23888
2024-12-24 14:16:01,11500,xrdp,5792957,23962
2024-12-24 14:16:02,11500,xrdp,5793533,24034
2024-12-24 14:16:03,11500,xrdp,5795569,24130
2024-12-24 14:16:04,4427,prometheus,9060,478
2024-12-24 14:16:05,11500,xrdp,5796612,24178
2024-12-24 14:16:06,11500,xrdp,5797474,24224
2024-12-24 14:16:07,11500,xrdp,5806725,26523
2024-12-24 14:16:07,7864,prometheus-push,10680,0
2024-12-24 14:16:08,11500,xrdp,5826703,28378
2024-12-24 14:16:09,4427,prometheus,18123,717
2024-12-24 14:16:09,11500,xrdp,5841162,30001
2024-12-24 14:16:10,11500,xrdp,5844803,32946
2024-12-24 14:16:11,11500,xrdp,5847172,34919
2024-12-24 14:16:12,1653,prometheus-node,24434,0
2024-12-24 14:16:12,11500,xrdp,5847258,36038
2024-12-24 14:16:13,11500,xrdp,5847324,36576
2024-12-24 14:16:14,4427,prometheus,478,18130
2024-12-24 14:16:14,4427,prometheus,27190,956
2024-12-24 14:16:14,11500,xrdp,5847410,36767
2024-12-24 14:16:15,11500,xrdp,5847496,37510
2024-12-24 14:16:16,11500,xrdp,5847625,37597
2024-12-24 14:16:17,11500,xrdp,5847711,37597
2024-12-24 14:16:19,11500,xrdp,5847777,37638
2024-12-24 14:16:19,4427,prometheus,717,18130
2024-12-24 14:16:19,4435,prometheus,18126,717
2024-12-24 14:16:19,4438,prometheus,0,13159
2024-12-24 14:16:20,11500,xrdp,5847863,38401
2024-12-24 14:16:21,11500,xrdp,6964957,39968
2024-12-24 14:16:21,11500,xrdp,7408284,40414
2024-12-24 14:16:23,11500,xrdp,8876469,40479
2024-12-24 14:16:24,4427,prometheus,956,18130
2024-12-24 14:16:24,11500,xrdp,9533100,40496
2024-12-24 14:16:25,11500,xrdp,10704648,40578
2024-12-24 14:16:26,11500,xrdp,10704648,40669
2024-12-24 14:16:27,818,prometheus-node,24431,0
2024-12-24 14:16:27,11500,xrdp,11037278,40708
2024-12-24 14:16:29,11500,xrdp,11037340,40708
2024-12-24 14:16:29,4427,prometheus,27190,1195
2024-12-24 14:16:29,4435,prometheus,22222,717
2024-12-24 14:16:29,4439,prometheus,0,13163
2024-12-24 14:16:29,11500,xrdp,12091894,40773
2024-12-24 14:16:31,11500,xrdp,12091956,40821
2024-12-24 14:16:32,11500,xrdp,12092018,40823
2024-12-24 14:16:34,4427,prometheus,1195,27193
2024-12-24 14:16:34,4435,prometheus,27198,956
2024-12-24 14:16:34,4431,prometheus,13154,0
2024-12-24 14:16:34,4917,Chrome_ChildIOT,3404,46533
2024-12-24 14:16:35,11500,xrdp,12892224,40943
2024-12-24 14:16:36,11500,xrdp,12980229,42212
2024-12-24 14:16:37,4427,prometheus,0,10681
2024-12-24 14:16:39,4431,prometheus,18129,239
2024-12-24 14:16:39,4427,prometheus,31286,1195
2024-12-24 14:16:39,4435,prometheus,478,13168
2024-12-24 14:16:40,11500,xrdp,15151165,43501
2024-12-24 14:16:41,11500,xrdp,15151165,43625
2024-12-24 14:16:42,4427,prometheus,240,20336
2024-12-24 14:16:42,4435,prometheus,480,12288
2024-12-24 14:16:42,11500,xrdp,15151165,43659
2024-12-24 14:16:44,11500,xrdp,15151165,43755
2024-12-24 14:16:44,4427,prometheus,36253,1434
2024-12-24 14:16:44,4438,prometheus,13168,0
2024-12-24 14:16:44,4435,prometheus,478,22231
2024-12-24 14:16:45,11500,xrdp,16089918,43789
2024-12-24 14:16:46,11500,xrdp,16653194,43873
2024-12-24 14:16:47,11500,xrdp,17342117,43907
2024-12-24 14:16:48,11500,xrdp,17758675,44204
2024-12-24 14:16:49,4438,prometheus,22235,0
2024-12-24 14:16:49,4435,prometheus,478,27202
2024-12-24 14:16:49,11500,xrdp,17758737,44929
2024-12-24 14:16:50,11500,xrdp,18181140,46008
2024-12-24 14:16:51,11500,xrdp,18192465,48331
2024-12-24 14:16:52,11500,xrdp,18548256,48445
2024-12-24 14:16:53,11500,xrdp,18548350,48457
2024-12-24 14:16:54,4438,prometheus,31295,0
2024-12-24 14:16:54,4432,prometheus,478,12288
2024-12-24 14:16:54,11500,xrdp,18578521,48469
2024-12-24 14:16:55,11500,xrdp,18578607,48505
2024-12-24 14:16:56,11500,xrdp,18579435,48721
2024-12-24 14:16:57,1653,prometheus-node,40645,240
2024-12-24 14:16:57,1654,prometheus-node,8192,240
2024-12-24 14:16:57,11500,xrdp,18645219,48781
2024-12-24 14:16:58,12115,python3,82912,5469
2024-12-24 14:16:58,12116,python3,17260,5469
2024-12-24 14:16:58,12124,python3,17260,5469
2024-12-24 14:16:58,12118,python3,17260,5469
2024-12-24 14:16:58,12123,python3,17260,5469
2024-12-24 14:16:58,12121,python3,17260,5469
2024-12-24 14:16:58,12117,python3,17260,5469
2024-12-24 14:16:58,12122,python3,17260,5469
2024-12-24 14:16:58,11500,xrdp,18645339,52729
2024-12-24 14:16:59,4427,prometheus,1434,36264
2024-12-24 14:16:59,4438,prometheus,36271,239
2024-12-24 14:16:59,12115,python3,181390,5469
2024-12-24 14:16:59,12119,python3,82912,5469
2024-12-24 14:16:59,11500,xrdp,18655973,55091
2024-12-24 14:16:59,12124,python3,82912,5469
2024-12-24 14:16:59,12121,python3,82912,5469
2024-12-24 14:17:00,12116,python3,132151,5469
2024-12-24 14:17:00,12117,python3,82912,5469
2024-12-24 14:17:00,12120,python3,17260,5469
2024-12-24 14:17:00,11500,xrdp,18752526,58064
2024-12-24 14:17:00,12118,python3,99325,5469
2024-12-24 14:17:00,12123,python3,99325,5469
2024-12-24 14:17:01,12116,python3,197803,5469
2024-12-24 14:17:01,12122,python3,99325,5469
2024-12-24 14:17:01,11500,xrdp,19094836,61117
2024-12-24 14:17:02,12121,python3,132151,5469
2024-12-24 14:17:02,11500,xrdp,19570190,63521
2024-12-24 14:17:03,12116,python3,329107,5469
2024-12-24 14:17:03,12117,python3,132151,5469
2024-12-24 14:17:03,11500,xrdp,20039357,65264
2024-12-24 14:17:04,4438,prometheus,239,18121
2024-12-24 14:17:04,4427,prometheus,36253,1673
2024-12-24 14:17:04,11500,xrdp,20417752,66927
2024-12-24 14:17:05,12116,python3,17260,5469
2024-12-24 14:17:05,12118,python3,82912,5469
2024-12-24 14:17:05,12123,python3,17260,5469
2024-12-24 14:17:05,12124,python3,296281,5469
2024-12-24 14:17:05,12117,python3,17260,5469
2024-12-24 14:17:05,11500,xrdp,20585985,69406
2024-12-24 14:17:06,12119,python3,17260,5469
2024-12-24 14:17:06,12124,python3,513775,5474
2024-12-24 14:17:07,11500,xrdp,20770403,71363
2024-12-24 14:17:07,12117,python3,82912,5469
2024-12-24 14:17:07,7864,prometheus-push,13169,240
2024-12-24 14:17:07,5383,prometheus-push,10675,240
2024-12-24 14:17:07,12120,python3,230629,5469
2024-12-24 14:17:07,12116,python3,82912,5469
2024-12-24 14:17:08,11500,xrdp,21273827,74712
2024-12-24 14:17:08,12124,python3,513775,443027
2024-12-24 14:17:08,12122,python3,17260,5469
2024-12-24 14:17:08,12123,python3,82912,5469
2024-12-24 14:17:08,12120,python3,513775,5474
2024-12-24 14:17:08,12117,python3,132151,5469
2024-12-24 14:17:09,11500,xrdp,21323609,76520
2024-12-24 14:17:09,4427,prometheus,1673,45331
2024-12-24 14:17:09,4427,prometheus,45309,1912
2024-12-24 14:17:09,4438,prometheus,49434,239
2024-12-24 14:17:09,4439,prometheus,0,22235
2024-12-24 14:17:09,12120,python3,513775,434077
2024-12-24 14:17:10,11500,xrdp,21411165,78820
2024-12-24 14:17:10,12119,python3,99325,5469
2024-12-24 14:17:11,11500,xrdp,21566826,79535
2024-12-24 14:17:11,12115,python3,82912,5469
2024-12-24 14:17:11,12121,python3,296281,5469
2024-12-24 14:17:11,12118,python3,82912,5469
2024-12-24 14:17:12,12120,python3,82912,5469
2024-12-24 14:17:12,4427,prometheus,480,20336
2024-12-24 14:17:12,816,prometheus-node,8192,240
2024-12-24 14:17:12,11500,xrdp,21590711,79535
2024-12-24 14:17:12,12121,python3,513775,5474
2024-12-24 14:17:12,12116,python3,296281,5469
2024-12-24 14:17:13,12119,python3,82912,5469
2024-12-24 14:17:13,11500,xrdp,21622570,79535
2024-12-24 14:17:13,12115,python3,132151,5469
2024-12-24 14:17:13,12121,python3,513775,453163
2024-12-24 14:17:13,12123,python3,82912,5469
2024-12-24 14:17:13,12116,python3,513775,21882
2024-12-24 14:17:13,12118,python3,181390,5469
2024-12-24 14:17:13,12117,python3,82912,5469
2024-12-24 14:17:14,4439,prometheus,239,27199
2024-12-24 14:17:14,4427,prometheus,45309,2151
2024-12-24 14:17:14,4431,prometheus,22225,239
2024-12-24 14:17:14,4438,prometheus,239,31273
2024-12-24 14:17:14,12124,python3,82912,5469
2024-12-24 14:17:14,12119,python3,247042,5469
2024-12-24 14:17:14,11500,xrdp,21668987,79535
2024-12-24 14:17:15,12120,python3,181390,5469
2024-12-24 14:17:15,11500,xrdp,21718850,79535
2024-12-24 14:17:15,12121,python3,82912,5469
2024-12-24 14:17:15,12122,python3,296281,5469
2024-12-24 14:17:16,12119,python3,378346,5469
2024-12-24 14:17:16,12116,python3,345520,5469
2024-12-24 14:17:16,12122,python3,394759,5469
2024-12-24 14:17:17,11500,xrdp,21759062,79535
2024-12-24 14:17:17,12119,python3,493237,5469
2024-12-24 14:17:17,12115,python3,17260,5469
2024-12-24 14:17:17,12124,python3,82912,5469
2024-12-24 14:17:17,12121,python3,181390,5469
2024-12-24 14:17:18,12116,python3,513775,5474
2024-12-24 14:17:18,12120,python3,17260,5469
2024-12-24 14:17:18,11500,xrdp,21772133,79535
2024-12-24 14:17:18,12116,python3,513775,453163
2024-12-24 14:17:19,12123,python3,181390,5469
2024-12-24 14:17:19,12118,python3,82912,5469
2024-12-24 14:17:19,4431,prometheus,27182,478
2024-12-24 14:17:19,4439,prometheus,239,31295
2024-12-24 14:17:19,4432,prometheus,8192,478
2024-12-24 14:17:19,11500,xrdp,21790717,79535
2024-12-24 14:17:19,12119,python3,513775,5474
2024-12-24 14:17:19,12115,python3,181390,5469
2024-12-24 14:17:20,12123,python3,513775,5474
2024-12-24 14:17:20,12117,python3,17260,5469
2024-12-24 14:17:20,12119,python3,513775,437235
2024-12-24 14:17:20,11500,xrdp,21801098,79535
2024-12-24 14:17:21,12123,python3,513775,431148
2024-12-24 14:17:21,12120,python3,148564,5469
2024-12-24 14:17:21,12122,python3,513775,5474
2024-12-24 14:17:21,11500,xrdp,21815937,79535
2024-12-24 14:17:21,12116,python3,82912,5469
2024-12-24 14:17:22,12117,python3,132151,5469
2024-12-24 14:17:22,5380,prometheus-push,9956,240
2024-12-24 14:17:22,4439,prometheus,0,12047
2024-12-24 14:17:22,12122,python3,513775,431148
2024-12-24 14:17:22,11500,xrdp,21839418,79535
2024-12-24 14:17:22,12119,python3,82912,5469
2024-12-24 14:17:22,12121,python3,82912,5469
2024-12-24 14:17:23,12117,python3,214216,5469
2024-12-24 14:17:23,12123,python3,279868,5469
2024-12-24 14:17:23,11500,xrdp,21870684,79589
2024-12-24 14:17:23,12124,python3,181390,5469
2024-12-24 14:17:24,4438,prometheus,478,36230
2024-12-24 14:17:24,4432,prometheus,9060,717
2024-12-24 14:17:24,4427,prometheus,49405,2151
2024-12-24 14:17:24,12117,python3,279868,5469
2024-12-24 14:17:24,12123,python3,513775,5474
2024-12-24 14:17:24,11500,xrdp,21877243,82729
2024-12-24 14:17:25,12119,python3,181390,5469
2024-12-24 14:17:25,12120,python3,296281,5469
2024-12-24 14:17:25,12122,python3,82912,5469
2024-12-24 14:17:25,12123,python3,513775,437235
2024-12-24 14:17:25,11500,xrdp,22351844,83809
2024-12-24 14:17:26,12120,python3,513775,21659
2024-12-24 14:17:26,11500,xrdp,22396972,84435
2024-12-24 14:17:27,12118,python3,181390,5469
2024-12-24 14:17:27,12117,python3,82912,5469
2024-12-24 14:17:27,4439,prometheus,240,20307
2024-12-24 14:17:27,817,prometheus-node,20326,240
2024-12-24 14:17:27,1654,prometheus-node,24405,240
2024-12-24 14:17:27,4438,prometheus,240,12288
2024-12-24 14:17:27,12115,python3,17260,5469
2024-12-24 14:17:27,11500,xrdp,22689709,86536
2024-12-24 14:17:28,12123,python3,82912,5469
2024-12-24 14:17:28,12121,python3,17260,5469
2024-12-24 14:17:28,12116,python3,296281,5469
2024-12-24 14:17:29,11500,xrdp,22689856,86716
2024-12-24 14:17:29,12119,python3,17260,5469
2024-12-24 14:17:29,4427,prometheus,1912,45331
2024-12-24 14:17:29,4438,prometheus,54398,478
2024-12-24 14:17:29,4431,prometheus,31278,478
2024-12-24 14:17:29,12117,python3,181390,5469
2024-12-24 14:17:29,12116,python3,427585,5469
2024-12-24 14:17:29,11500,xrdp,22795336,86716
2024-12-24 14:17:30,12121,python3,99325,5469
2024-12-24 14:17:30,12120,python3,17260,5469
2024-12-24 14:17:30,12123,python3,181390,5469
2024-12-24 14:17:30,12124,python3,17260,5469
2024-12-24 14:17:31,11500,xrdp,22795654,86716
2024-12-24 14:17:31,12122,python3,296281,5469
2024-12-24 14:17:31,12119,python3,99325,5469
2024-12-24 14:17:32,12123,python3,247042,5469
2024-12-24 14:17:32,11500,xrdp,22852323,86716
2024-12-24 14:17:32,12120,python3,99325,5469
2024-12-24 14:17:33,11500,xrdp,22916353,86716
2024-12-24 14:17:33,12116,python3,513775,5474
2024-12-24 14:17:33,12117,python3,17260,5469
2024-12-24 14:17:34,4432,prometheus,717,13168
2024-12-24 14:17:34,4432,prometheus,9060,956
2024-12-24 14:17:34,4438,prometheus,478,49383
2024-12-24 14:17:34,11500,xrdp,22952424,86716
2024-12-24 14:17:34,12116,python3,513775,445923
2024-12-24 14:17:35,12120,python3,132151,5469
2024-12-24 14:17:35,11500,xrdp,23013104,86716
2024-12-24 14:17:35,12121,python3,296281,5469
2024-12-24 14:17:35,12123,python3,82912,5469
2024-12-24 14:17:36,12122,python3,513775,5474
2024-12-24 14:17:36,12122,python3,513775,437235
2024-12-24 14:17:36,11500,xrdp,23100293,86716
2024-12-24 14:17:36,12116,python3,17260,5469
2024-12-24 14:17:36,12118,python3,99325,5469
2024-12-24 14:17:37,12117,python3,99325,5469
2024-12-24 14:17:37,12121,python3,513775,5474
2024-12-24 14:17:37,5380,prometheus-push,12048,480
2024-12-24 14:17:37,5381,prometheus-push,6099,480
2024-12-24 14:17:37,12120,python3,181390,5469
2024-12-24 14:17:37,11500,xrdp,23130633,86716
2024-12-24 14:17:38,12116,python3,82912,5469
2024-12-24 14:17:38,12121,python3,513775,430285
2024-12-24 14:17:38,12124,python3,82912,5469
2024-12-24 14:17:38,12120,python3,513775,5474
2024-12-24 14:17:38,12119,python3,17260,5469
2024-12-24 14:17:38,11500,xrdp,23153995,86716
2024-12-24 14:17:38,12122,python3,17260,5469
2024-12-24 14:17:39,4438,prometheus,717,54346
2024-12-24 14:17:39,4432,prometheus,18119,1195
2024-12-24 14:17:39,4438,prometheus,58494,478
2024-12-24 14:17:39,12118,python3,82912,5469
2024-12-24 14:17:39,12120,python3,513775,427099
2024-12-24 14:17:40,11500,xrdp,23175971,86716
2024-12-24 14:17:40,12117,python3,164977,5469
2024-12-24 14:17:40,12121,python3,82912,5469
2024-12-24 14:17:41,11500,xrdp,23208835,86716
2024-12-24 14:17:41,12115,python3,296281,5469
2024-12-24 14:17:41,12124,python3,132151,5469
2024-12-24 14:17:41,12123,python3,17260,5469
2024-12-24 14:17:41,12117,python3,279868,5469
2024-12-24 14:17:42,4439,prometheus,480,20307
2024-12-24 14:17:42,4431,prometheus,480,12288
2024-12-24 14:17:42,12115,python3,513775,5474
2024-12-24 14:17:42,12118,python3,181390,5469
2024-12-24 14:17:42,11500,xrdp,23211481,86716
2024-12-24 14:17:42,12123,python3,99325,5469
2024-12-24 14:17:42,12121,python3,132151,5469
2024-12-24 14:17:42,12120,python3,17260,5469
2024-12-24 14:17:43,12119,python3,99325,5469
2024-12-24 14:17:43,12115,python3,513775,98288
2024-12-24 14:17:43,11500,xrdp,23260333,86716
2024-12-24 14:17:44,4438,prometheus,956,54346
2024-12-24 14:17:44,4439,prometheus,9063,478
2024-12-24 14:17:44,4431,prometheus,40344,478
2024-12-24 14:17:44,11500,xrdp,23337263,86716
2024-12-24 14:17:44,12124,python3,181390,5469
2024-12-24 14:17:45,12116,python3,82912,5469
2024-12-24 14:17:45,11500,xrdp,23418470,89616
2024-12-24 14:17:45,12122,python3,181390,5469
2024-12-24 14:17:45,12119,python3,17260,5469
2024-12-24 14:17:46,12120,python3,82912,5469
2024-12-24 14:17:46,11500,xrdp,23959182,92379
2024-12-24 14:17:46,12124,python3,296281,5469
2024-12-24 14:17:46,12116,python3,296281,5469
2024-12-24 14:17:47,12122,python3,427585,5469
2024-12-24 14:17:47,11500,xrdp,24475351,96036
2024-12-24 14:17:47,12115,python3,82912,5469
2024-12-24 14:17:47,12117,python3,82912,5469
2024-12-24 14:17:48,11500,xrdp,24847660,99780
2024-12-24 14:17:48,12121,python3,181390,5469
2024-12-24 14:17:49,4438,prometheus,63461,717
2024-12-24 14:17:49,4431,prometheus,49397,478
2024-12-24 14:17:49,4432,prometheus,717,17264
2024-12-24 14:17:49,11500,xrdp,25010468,102798
2024-12-24 14:17:49,12122,python3,513775,5474
2024-12-24 14:17:50,12119,python3,99325,5469
2024-12-24 14:17:50,12115,python3,132151,5469
2024-12-24 14:17:50,11500,xrdp,25030151,105115
2024-12-24 14:17:50,12124,python3,17260,5469
2024-12-24 14:17:50,12123,python3,17260,5469
2024-12-24 14:17:50,12122,python3,513775,431443
2024-12-24 14:17:51,11500,xrdp,25100045,105115
2024-12-24 14:17:51,12116,python3,82912,5469
2024-12-24 14:17:52,12120,python3,181390,5469
2024-12-24 14:17:52,4439,prometheus,240,12047
2024-12-24 14:17:52,7864,prometheus-push,13169,480
2024-12-24 14:17:52,4432,prometheus,720,12976
2024-12-24 14:17:52,12124,python3,99325,5469
2024-12-24 14:17:53,11500,xrdp,25134288,105115
2024-12-24 14:17:53,12122,python3,17260,5469
2024-12-24 14:17:53,12121,python3,181390,5469
2024-12-24 14:17:53,12116,python3,132151,5469
2024-12-24 14:17:54,11500,xrdp,25134380,105115
2024-12-24 14:17:54,4439,prometheus,9063,717
2024-12-24 14:17:54,4427,prometheus,58462,2151
2024-12-24 14:17:54,4439,prometheus,239,40355
2024-12-24 14:17:54,12123,python3,99325,5469
2024-12-24 14:17:54,12122,python3,132151,5469
2024-12-24 14:17:55,12121,python3,493237,5469
2024-12-24 14:17:55,12119,python3,99325,5469
2024-12-24 14:17:55,11500,xrdp,25152708,105115
2024-12-24 14:17:56,11500,xrdp,25160148,105115
2024-12-24 14:17:56,12122,python3,214216,5469
2024-12-24 14:17:56,12119,python3,460411,5469
2024-12-24 14:17:57,4431,prometheus,720,20319
2024-12-24 14:17:57,12121,python3,513775,5474
2024-12-24 14:17:57,4439,prometheus,480,24403
2024-12-24 14:17:57,1655,prometheus-node,8192,240
2024-12-24 14:17:57,11500,xrdp,25162738,105115
2024-12-24 14:17:58,11500,xrdp,25288308,105115
2024-12-24 14:17:59,4427,prometheus,2151,54397
2024-12-24 14:17:59,4439,prometheus,9063,956
2024-12-24 14:17:59,4438,prometheus,956,67495
2024-12-24 14:18:00,11500,xrdp,25322065,105115
2024-12-24 14:18:01,11500,xrdp,25324213,105115
2024-12-24 14:18:01,11500,xrdp,25324299,105115
2024-12-24 14:18:03,11500,xrdp,25324385,105115
2024-12-24 14:18:04,11500,xrdp,25594202,108469
2024-12-24 14:18:04,4439,prometheus,478,45314
2024-12-24 14:18:04,4433,prometheus,18131,478
2024-12-24 14:18:04,4439,prometheus,22216,956
2024-12-24 14:18:04,4431,prometheus,1434,13159
2024-12-24 14:18:05,11500,xrdp,25799818,111169
2024-12-24 14:18:06,11500,xrdp,25854917,112984
