Interface,Bytes Received,Packets Received,Errs Rcv,Drops Rcv,Bytes Sent,Packets Sent,Errs Sent,Drops Sent
lo,357168131,258560,0,0,357168131,258560,0,0
enp5s0,3269952491,3791526,0,18932,12237168071,9750198,0,0
docker0,0,0,0,0,0,0,0,0
lo,357168131,258560,0,0,357168131,258560,0,0
enp5s0,3269951654,3791513,0,18932,12237124409,9750158,0,0
docker0,0,0,0,0,0,0,0,0
lo,357168131,258560,0,0,357168131,258560,0,0
enp5s0,3269947975,3791467,0,18932,12236857238,9749952,0,0
docker0,0,0,0,0,0,0,0,0
lo,357168131,258560,0,0,357168131,258560,0,0
enp5s0,3269946798,3791455,0,18932,12236845644,9749934,0,0
docker0,0,0,0,0,0,0,0,0
lo,357168131,258560,0,0,357168131,258560,0,0
enp5s0,3269945489,3791440,0,18932,12236821856,9749902,0,0
docker0,0,0,0,0,0,0,0,0
lo,357168131,258560,0,0,357168131,258560,0,0
enp5s0,3269943933,3791425,0,18932,12236769785,9749853,0,0
docker0,0,0,0,0,0,0,0,0
lo,357158666,258553,0,0,357158666,258553,0,0
enp5s0,3269939242,3791396,0,18932,12236717069,9749797,0,0
docker0,0,0,0,0,0,0,0,0
lo,357158666,258553,0,0,357158666,258553,0,0
enp5s0,3269937380,3791374,0,18932,12236617549,9749717,0,0
docker0,0,0,0,0,0,0,0,0
lo,357158666,258553,0,0,357158666,258553,0,0
enp5s0,3269931020,3791268,0,18931,12235929882,9749201,0,0
docker0,0,0,0,0,0,0,0,0
lo,1182905806,887823,0,0,1182905806,887823,0,0
enp5s0,9199930878,8027608,0,61630,13273960682,12896085,0,0
docker0,0,0,0,0,0,0,0,0
lo,1182905806,887823,0,0,1182905806,887823,0,0
enp5s0,9199930272,8027598,0,61630,13273921913,12896054,0,0
docker0,0,0,0,0,0,0,0,0
lo,1182896322,887816,0,0,1182896322,887816,0,0
enp5s0,9199928890,8027579,0,61630,13273868985,12896009,0,0
docker0,0,0,0,0,0,0,0,0
lo,1182896322,887816,0,0,1182896322,887816,0,0
enp5s0,9199924999,8027545,0,61630,13273787597,12895938,0,0
docker0,0,0,0,0,0,0,0,0
lo,1182895682,887812,0,0,1182895682,887812,0,0
enp5s0,9199916759,8027504,0,61630,13273676899,12895828,0,0
docker0,0,0,0,0,0,0,0,0
lo,1182895682,887812,0,0,1182895682,887812,0,0
enp5s0,9199910660,8027466,0,61630,13273520127,12895695,0,0
docker0,0,0,0,0,0,0,0,0
lo,1182894562,887799,0,0,1182894562,887799,0,0
enp5s0,9199901282,8027322,0,61630,13273009780,12895252,0,0
docker0,0,0,0,0,0,0,0,0
lo,1182873295,887788,0,0,1182873295,887788,0,0
enp5s0,9199880375,8026995,0,61630,13271433440,12894155,0,0
docker0,0,0,0,0,0,0,0,0
lo,1182873295,887788,0,0,1182873295,887788,0,0
enp5s0,9199860729,8026693,0,61630,13270039100,12893186,0,0
docker0,0,0,0,0,0,0,0,0
lo,1182873295,887788,0,0,1182873295,887788,0,0
enp5s0,9199840797,8026408,0,61630,13268674604,12892232,0,0
docker0,0,0,0,0,0,0,0,0
lo,1182873295,887788,0,0,1182873295,887788,0,0
enp5s0,9199807529,8025878,0,61630,13265964087,12890370,0,0
docker0,0,0,0,0,0,0,0,0
lo,1182873295,887788,0,0,1182873295,887788,0,0
enp5s0,9199789328,8025578,0,61630,13264595119,12889425,0,0
docker0,0,0,0,0,0,0,0,0
lo,1182873295,887788,0,0,1182873295,887788,0,0
enp5s0,9199774229,8025327,0,61629,13263267913,12888517,0,0
docker0,0,0,0,0,0,0,0,0
lo,1182862364,887774,0,0,1182862364,887774,0,0
enp5s0,9199746956,8024887,0,61629,13261078351,12887000,0,0
docker0,0,0,0,0,0,0,0,0
lo,1182858756,887746,0,0,1182858756,887746,0,0
enp5s0,9199452847,8023811,0,61629,13256857964,12883915,0,0
docker0,0,0,0,0,0,0,0,0
lo,1182855416,887722,0,0,1182855416,887722,0,0
enp5s0,9199379805,8023259,0,61629,13254677963,12882324,0,0
docker0,0,0,0,0,0,0,0,0
lo,1182847601,887662,0,0,1182847601,887662,0,0
enp5s0,9199315016,8023027,0,61629,13253978900,12881745,0,0
docker0,0,0,0,0,0,0,0,0
lo,1182842374,887625,0,0,1182842374,887625,0,0
enp5s0,9199301656,8022952,0,61629,13253808864,12881597,0,0
docker0,0,0,0,0,0,0,0,0
lo,1182839265,887622,0,0,1182839265,887622,0,0
enp5s0,9199297724,8022937,0,61629,13253782038,12881570,0,0
docker0,0,0,0,0,0,0,0,0
lo,1182839265,887622,0,0,1182839265,887622,0,0
enp5s0,9199293538,8022920,0,61629,13253781073,12881558,0,0
docker0,0,0,0,0,0,0,0,0
lo,1182838900,887620,0,0,1182838900,887620,0,0
enp5s0,9199283631,8022888,0,61629,13253760736,12881522,0,0
docker0,0,0,0,0,0,0,0,0
lo,1182832036,887570,0,0,1182832036,887570,0,0
enp5s0,9199267157,8022735,0,61629,13253186764,12881078,0,0
docker0,0,0,0,0,0,0,0,0
lo,1182832036,887570,0,0,1182832036,887570,0,0
enp5s0,9199251450,8022640,0,61629,13252840246,12880817,0,0
docker0,0,0,0,0,0,0,0,0
lo,1182830196,887554,0,0,1182830196,887554,0,0
enp5s0,9199134509,8022396,0,61629,13251952702,12880125,0,0
docker0,0,0,0,0,0,0,0,0
lo,1182820716,887547,0,0,1182820716,887547,0,0
enp5s0,9199123867,8022230,0,61629,13250968770,12879436,0,0
docker0,0,0,0,0,0,0,0,0
lo,1182820716,887547,0,0,1182820716,887547,0,0
enp5s0,9199119524,8022193,0,61628,13250780132,12879289,0,0
docker0,0,0,0,0,0,0,0,0
lo,1182820716,887547,0,0,1182820716,887547,0,0
enp5s0,9199113774,8022115,0,61628,13250406269,12879015,0,0
docker0,0,0,0,0,0,0,0,0
lo,1182820716,887547,0,0,1182820716,887547,0,0
enp5s0,9199108925,8022043,0,61628,13250050611,12878751,0,0
docker0,0,0,0,0,0,0,0,0
lo,1182820716,887547,0,0,1182820716,887547,0,0
enp5s0,9199106382,8022027,0,61628,13249968355,12878683,0,0
docker0,0,0,0,0,0,0,0,0
lo,1182820716,887547,0,0,1182820716,887547,0,0
enp5s0,9199096252,8021970,0,61628,13249716458,12878486,0,0
docker0,0,0,0,0,0,0,0,0
lo,1182820023,887543,0,0,1182820023,887543,0,0
enp5s0,9199092516,8021944,0,61628,13249629476,12878410,0,0
docker0,0,0,0,0,0,0,0,0
lo,1182820023,887543,0,0,1182820023,887543,0,0
enp5s0,9199091372,8021930,0,61628,13249591086,12878374,0,0
docker0,0,0,0,0,0,0,0,0
lo,1182820023,887543,0,0,1182820023,887543,0,0
enp5s0,9199090772,8021920,0,61628,13249550802,12878336,0,0
docker0,0,0,0,0,0,0,0,0
lo,1182810541,887536,0,0,1182810541,887536,0,0
enp5s0,9199087232,8021861,0,61628,13249325807,12878159,0,0
docker0,0,0,0,0,0,0,0,0
lo,1183078832,887969,0,0,1183078832,887969,0,0
enp5s0,9200212707,8030897,0,61640,13290156854,12907933,0,0
docker0,0,0,0,0,0,0,0,0
lo,1183069343,887962,0,0,1183069343,887962,0,0
enp5s0,9200212467,8030893,0,61640,13290141775,12907918,0,0
docker0,0,0,0,0,0,0,0,0
lo,1183069343,887962,0,0,1183069343,887962,0,0
enp5s0,9200212109,8030888,0,61640,13290133463,12907908,0,0
docker0,0,0,0,0,0,0,0,0
lo,1183069343,887962,0,0,1183069343,887962,0,0
enp5s0,9200211869,8030884,0,61640,13290118993,12907894,0,0
docker0,0,0,0,0,0,0,0,0
lo,1183069343,887962,0,0,1183069343,887962,0,0
enp5s0,9200211456,8030878,0,61639,13290104049,12907878,0,0
docker0,0,0,0,0,0,0,0,0
lo,1183069343,887962,0,0,1183069343,887962,0,0
enp5s0,9200211173,8030874,0,61639,13290088804,12907860,0,0
docker0,0,0,0,0,0,0,0,0
lo,1183069343,887962,0,0,1183069343,887962,0,0
enp5s0,9200210316,8030867,0,61639,13290071902,12907840,0,0
docker0,0,0,0,0,0,0,0,0
lo,1183069343,887962,0,0,1183069343,887962,0,0
enp5s0,9200209896,8030860,0,61639,13290040094,12907815,0,0
docker0,0,0,0,0,0,0,0,0
lo,1183069343,887962,0,0,1183069343,887962,0,0
enp5s0,9200209356,8030851,0,61639,13290009909,12907789,0,0
docker0,0,0,0,0,0,0,0,0
lo,1183069343,887962,0,0,1183069343,887962,0,0
enp5s0,9200208756,8030841,0,61639,13289957780,12907745,0,0
docker0,0,0,0,0,0,0,0,0
lo,1183059853,887955,0,0,1183059853,887955,0,0
enp5s0,9200208456,8030836,0,61639,13289939102,12907726,0,0
docker0,0,0,0,0,0,0,0,0
lo,1183775520,888530,0,0,1183775520,888530,0,0
enp5s0,9201793815,8051605,0,61675,13397578630,12984357,0,0
docker0,0,0,0,0,0,0,0,0
lo,1183775520,888530,0,0,1183775520,888530,0,0
enp5s0,9201792969,8051591,0,61675,13397520948,12984311,0,0
docker0,0,0,0,0,0,0,0,0
lo,1183766030,888523,0,0,1183766030,888523,0,0
enp5s0,9201792429,8051582,0,61675,13397480829,12984279,0,0
docker0,0,0,0,0,0,0,0,0
lo,1183766030,888523,0,0,1183766030,888523,0,0
enp5s0,9201791883,8051573,0,61675,13397439450,12984246,0,0
docker0,0,0,0,0,0,0,0,0
lo,1183766030,888523,0,0,1183766030,888523,0,0
enp5s0,9201785370,8051552,0,61675,13397358302,12984177,0,0
docker0,0,0,0,0,0,0,0,0
lo,1183765337,888519,0,0,1183765337,888519,0,0
enp5s0,9201783942,8051531,0,61674,13397265596,12984102,0,0
docker0,0,0,0,0,0,0,0,0
lo,1183743993,888507,0,0,1183743993,888507,0,0
enp5s0,9201782982,8051515,0,61674,13397216427,12984055,0,0
docker0,0,0,0,0,0,0,0,0
lo,1183743993,888507,0,0,1183743993,888507,0,0
enp5s0,9201781936,8051498,0,61674,13397151043,12983996,0,0
docker0,0,0,0,0,0,0,0,0
lo,1183743993,888507,0,0,1183743993,888507,0,0
enp5s0,9201776059,8051408,0,61674,13396767603,12983699,0,0
docker0,0,0,0,0,0,0,0,0
